No Finding,Atelectasis,Consolidation,Infiltration,Pneumothorax,Edema,Emphysema,Fibrosis,Effusion,Pneumonia,Pleural_Thickening,Cardiomegaly,Nodule,Mass,Hernia
0.7398356,0.32638285,0.19390926,0.3738214,0.2691454,0.15326539,0.11735486,0.068939105,0.48017347,0.05148713,0.15310585,0.2859304,0.15807393,0.20651421,0.025316456
