No Finding,Atelectasis,Consolidation,Infiltration,Pneumothorax,Edema,Emphysema,Fibrosis,Effusion,Pneumonia,Pleural_Thickening,Cardiomegaly,Nodule,Mass,Hernia
0.6580411,0.24606986,0.13866666,0.2916907,0.19162387,0.092230804,0.06943424,0.03968254,0.41722745,0.027717976,0.10829208,0.2589041,0.093659945,0.1401254,0.03125
