No Finding,Atelectasis,Consolidation,Infiltration,Pneumothorax,Edema,Emphysema,Fibrosis,Effusion,Pneumonia,Pleural_Thickening,Cardiomegaly,Nodule,Mass,Hernia
0.8448505,0.4845228,0.32231405,0.5203294,0.45200372,0.453125,0.3787575,0.26239067,0.565487,0.3614035,0.26119402,0.31925675,0.50623053,0.39244953,0.021276595
