No Finding,Atelectasis,Consolidation,Infiltration,Pneumothorax,Edema,Emphysema,Fibrosis,Effusion,Pneumonia,Pleural_Thickening,Cardiomegaly,Nodule,Mass,Hernia
0.7044852,0.26548672,0.14060663,0.31853846,0.16051817,0.07007082,0.124406956,0.037143487,0.3320276,0.06265664,0.08463386,0.1382716,0.11009992,0.14190148,0.01
