No Finding,Atelectasis,Consolidation,Infiltration,Pneumothorax,Edema,Emphysema,Fibrosis,Effusion,Pneumonia,Pleural_Thickening,Cardiomegaly,Nodule,Mass,Hernia
0.54742384,0.179265,0.09063353,0.20633624,0.11336516,0.042649727,0.085383505,0.019905213,0.3206052,0.050607286,0.05330813,0.102470264,0.059716947,0.093457945,0.005524862
