No Finding,Atelectasis,Consolidation,Infiltration,Pneumothorax,Edema,Emphysema,Fibrosis,Effusion,Pneumonia,Pleural_Thickening,Cardiomegaly,Nodule,Mass,Hernia
0.98793286,0.51150894,0.3134172,0.69821745,0.27483124,0.19624217,0.22912621,0.27722773,0.344294,0.08223684,0.20524018,0.21252371,0.7043974,0.2946128,0.05263158
