No Finding,Atelectasis,Consolidation,Infiltration,Pneumothorax,Edema,Emphysema,Fibrosis,Effusion,Pneumonia,Pleural_Thickening,Cardiomegaly,Nodule,Mass,Hernia
0.7360965,0.30296466,0.20202589,0.3871076,0.27417898,0.20023838,0.14341253,0.070166185,0.46647483,0.057377048,0.14454576,0.2134905,0.17827906,0.19153883,0.018348623
0.73719555,0.3074993,0.1972067,0.38162163,0.2455368,0.15900233,0.11052844,0.06603384,0.4876944,0.062439963,0.14715719,0.2772563,0.18043202,0.20928991,0.020833334
0.7403358,0.32996434,0.18945312,0.38154724,0.2640076,0.18717828,0.14981818,0.0754717,0.47162598,0.074679114,0.15894686,0.29596412,0.14769231,0.22630835,0.023529412
0.7450796,0.32692307,0.18196245,0.38418293,0.23103113,0.17670055,0.11775701,0.06339772,0.4636325,0.059011165,0.15087396,0.26404086,0.190395,0.22551021,0.0067009158
0.74118686,0.322067,0.19557784,0.38652623,0.25522757,0.19540791,0.14254859,0.058002938,0.4680851,0.06173913,0.15612161,0.26236558,0.18763895,0.21830158,0.01213419
