No Finding,Atelectasis,Consolidation,Infiltration,Pneumothorax,Edema,Emphysema,Fibrosis,Effusion,Pneumonia,Pleural_Thickening,Cardiomegaly,Nodule,Mass,Hernia
0.6632802,0.2275165,0.13514549,0.2935958,0.16644563,0.096317284,0.06919192,0.03846154,0.41602266,0.036171395,0.094827585,0.24211854,0.13391173,0.1503644,0.020408163
0.66518086,0.23849805,0.11915483,0.30806845,0.15492499,0.10700758,0.07622504,0.034417853,0.36924118,0.033423666,0.09468822,0.22235872,0.14995524,0.15905002,0.0033852404
0.6676811,0.24791859,0.12402429,0.32042834,0.19089237,0.12658228,0.09756097,0.03327717,0.3949884,0.035096392,0.10795455,0.22317073,0.12988612,0.14919615,0.006181818
0.650154,0.2212337,0.13645002,0.29435793,0.20213239,0.1382716,0.09227349,0.03888889,0.3817711,0.045553144,0.09427313,0.16267465,0.11633428,0.13167146,0.015384615
0.64883024,0.25330898,0.123488225,0.29595792,0.19651273,0.12062726,0.11976744,0.04510309,0.3803652,0.057866186,0.119501464,0.28061223,0.10114389,0.15717092,0.021276595
