No Finding,Atelectasis,Consolidation,Infiltration,Pneumothorax,Edema,Emphysema,Fibrosis,Effusion,Pneumonia,Pleural_Thickening,Cardiomegaly,Nodule,Mass,Hernia
0.848221,0.4804637,0.38894907,0.5651961,0.42602995,0.36285096,0.32170543,0.35849056,0.59948224,0.07749078,0.30969608,0.31047618,0.38132295,0.35123613,0.022727273
0.8296512,0.47420463,0.3646694,0.54503345,0.46784717,0.45535713,0.2745491,0.23323615,0.58920103,0.22807017,0.3283582,0.3243243,0.27647975,0.34416154,0.021276595
0.8328794,0.4594942,0.46228448,0.48698047,0.38497218,0.4282655,0.26452905,0.22571428,0.57438016,0.25631768,0.28189912,0.31826088,0.3378703,0.40666083,0.32692307
0.84679276,0.51955056,0.38478747,0.51025057,0.4541109,0.50672644,0.2587269,0.4012539,0.62285715,0.25170067,0.37104073,0.3249551,0.26070037,0.3873795,0.32608697
0.8618894,0.47314578,0.4067086,0.5367813,0.4021215,0.41753653,0.2,0.2310231,0.6205029,0.10526316,0.23726347,0.31309298,0.27361563,0.4040404,0.02631579
