No Finding,Atelectasis,Consolidation,Infiltration,Pneumothorax,Edema,Emphysema,Fibrosis,Effusion,Pneumonia,Pleural_Thickening,Cardiomegaly,Nodule,Mass,Hernia
0.726631598664101,0.7412189667744721,0.767082618819219,0.6320131852689508,0.7841927951985371,0.8598074550813207,0.7536069173695163,0.6962848988467363,0.819154465183011,0.6805750190025003,0.7221642620826083,0.842121557647649,0.5818970737392747,0.7071942265623448,0.7021375448706487
