No Finding,Atelectasis,Consolidation,Infiltration,Pneumothorax,Edema,Emphysema,Fibrosis,Effusion,Pneumonia,Pleural_Thickening,Cardiomegaly,Nodule,Mass,Hernia
0.72972876,0.32100025,0.20004588,0.3447727,0.2805851,0.20034945,0.13678373,0.07763975,0.43890765,0.06167401,0.1637044,0.26753977,0.12905757,0.2004008,0.017953321
