No Finding,Atelectasis,Consolidation,Infiltration,Pneumothorax,Edema,Emphysema,Fibrosis,Effusion,Pneumonia,Pleural_Thickening,Cardiomegaly,Nodule,Mass,Hernia
0.6488118,0.22851953,0.12707666,0.26654813,0.21865284,0.1376,0.12692967,0.053304903,0.35096803,0.038709678,0.11953552,0.28947368,0.073535986,0.13432837,0.00990099
