No Finding,Atelectasis,Consolidation,Infiltration,Pneumothorax,Edema,Emphysema,Fibrosis,Effusion,Pneumonia,Pleural_Thickening,Cardiomegaly,Nodule,Mass,Hernia
0.8337047,0.5392199,0.4698276,0.48798198,0.39146566,0.36830837,0.1482966,0.14285715,0.5856499,0.15162455,0.2596439,0.24869566,0.52682143,0.39439088,0.09615385
