No Finding,Atelectasis,Consolidation,Infiltration,Pneumothorax,Edema,Emphysema,Fibrosis,Effusion,Pneumonia,Pleural_Thickening,Cardiomegaly,Nodule,Mass,Hernia
0.2647683,0.3184506,0.14676993,0.4860736,0.15894164,0.07192689,0.0789113,0.055494994,0.35936454,0.043864023,0.10817586,0.08771075,0.18129577,0.17876369,0.007918782
