No Finding,Atelectasis,Consolidation,Infiltration,Pneumothorax,Edema,Emphysema,Fibrosis,Effusion,Pneumonia,Pleural_Thickening,Cardiomegaly,Nodule,Mass,Hernia
0.15258384,0.18937927,0.07919682,0.3210682,0.086331666,0.037305064,0.041076344,0.028539395,0.21903986,0.02242381,0.057180714,0.045866884,0.09968403,0.09815513,0.00397513
