No Finding,Atelectasis,Consolidation,Infiltration,Pneumothorax,Edema,Emphysema,Fibrosis,Effusion,Pneumonia,Pleural_Thickening,Cardiomegaly,Nodule,Mass,Hernia
0.6987001,0.18890181,0.082783446,0.29540098,0.11013645,0.03920539,0.04445711,0.03343233,0.21791863,0.02510018,0.06301079,0.051504042,0.11572905,0.10172792,0.0041831695
