No Finding,Atelectasis,Consolidation,Infiltration,Pneumothorax,Edema,Emphysema,Fibrosis,Effusion,Pneumonia,Pleural_Thickening,Cardiomegaly,Nodule,Mass,Hernia
0.5369247,0.104551725,0.043182835,0.17329647,0.07456285,0.019994644,0.023047943,0.01721727,0.122288674,0.012709597,0.032879744,0.026443508,0.06786965,0.05904789,0.0020959687
