label,thresholds,f1_most
No Finding,0.33668341708542715,0.73154
