No Finding,Atelectasis,Consolidation,Infiltration,Pneumothorax,Edema,Emphysema,Fibrosis,Effusion,Pneumonia,Pleural_Thickening,Cardiomegaly,Nodule,Mass,Hernia
0.7360965,0.30296466,0.20202589,0.3871076,0.27417898,0.20023838,0.14341253,0.070166185,0.46647483,0.057377048,0.14454576,0.2134905,0.17827906,0.19153883,0.018348623
