No Finding,Atelectasis,Consolidation,Infiltration,Pneumothorax,Edema,Emphysema,Fibrosis,Effusion,Pneumonia,Pleural_Thickening,Cardiomegaly,Nodule,Mass,Hernia
0.650154,0.2212337,0.13645002,0.29435793,0.20213239,0.1382716,0.09227349,0.03888889,0.3817711,0.045553144,0.09427313,0.16267465,0.11633428,0.13167146,0.015384615
