No Finding,Atelectasis,Consolidation,Infiltration,Pneumothorax,Edema,Emphysema,Fibrosis,Effusion,Pneumonia,Pleural_Thickening,Cardiomegaly,Nodule,Mass,Hernia
0.848221,0.4804637,0.38894907,0.5651961,0.42602995,0.36285096,0.32170543,0.35849056,0.59948224,0.07749078,0.30969608,0.31047618,0.38132295,0.35123613,0.022727273
