No Finding,Atelectasis,Consolidation,Infiltration,Pneumothorax,Edema,Emphysema,Fibrosis,Effusion,Pneumonia,Pleural_Thickening,Cardiomegaly,Nodule,Mass,Hernia
0.74073815,0.32148236,0.1882298,0.37790054,0.23367319,0.18386915,0.116722785,0.060606062,0.46034354,0.06391926,0.17399439,0.2725451,0.15718038,0.2114054,0.0033834921
