No Finding,Atelectasis,Consolidation,Infiltration,Pneumothorax,Edema,Emphysema,Fibrosis,Effusion,Pneumonia,Pleural_Thickening,Cardiomegaly,Nodule,Mass,Hernia
0.64670694,0.24860205,0.12109375,0.28565922,0.16358025,0.125966,0.06821909,0.046846848,0.37493917,0.042937852,0.12818746,0.28874734,0.10748503,0.14751914,0.0016946129
