No Finding,Atelectasis,Consolidation,Infiltration,Pneumothorax,Edema,Emphysema,Fibrosis,Effusion,Pneumonia,Pleural_Thickening,Cardiomegaly,Nodule,Mass,Hernia
0.73096275,0.30896127,0.17945242,0.3657447,0.23035316,0.17866667,0.12982126,0.053913455,0.41511443,0.054997817,0.15082824,0.18759018,0.13748047,0.1989975,0.013504389
