No Finding,Atelectasis,Consolidation,Infiltration,Pneumothorax,Edema,Emphysema,Fibrosis,Effusion,Pneumonia,Pleural_Thickening,Cardiomegaly,Nodule,Mass,Hernia
0.62302965,0.22422889,0.11842576,0.27681705,0.17262757,0.12713473,0.084197685,0.02915601,0.3189532,0.03154732,0.10606989,0.1281209,0.08408617,0.13934714,0.006968641
