No Finding,Atelectasis,Consolidation,Infiltration,Pneumothorax,Edema,Emphysema,Fibrosis,Effusion,Pneumonia,Pleural_Thickening,Cardiomegaly,Nodule,Mass,Hernia
0.8841283,0.4966292,0.37024608,0.5388509,0.3460803,0.30044842,0.28336754,0.35736677,0.5942857,0.21428572,0.26093516,0.35008976,0.3766537,0.34794042,0.2173913
