No Finding,Atelectasis,Consolidation,Infiltration,Pneumothorax,Edema,Emphysema,Fibrosis,Effusion,Pneumonia,Pleural_Thickening,Cardiomegaly,Nodule,Mass,Hernia
0.74277467,0.33480984,0.19445291,0.38062283,0.26427773,0.20780857,0.12785389,0.057874236,0.48216322,0.06699508,0.1661891,0.3078113,0.14325134,0.22333044,0.028985508
