No Finding,Atelectasis,Consolidation,Infiltration,Pneumothorax,Edema,Emphysema,Fibrosis,Effusion,Pneumonia,Pleural_Thickening,Cardiomegaly,Nodule,Mass,Hernia
0.66171646,0.2535863,0.13364056,0.297255,0.21677893,0.14448336,0.082207866,0.031755727,0.42117244,0.037077427,0.11404494,0.27038044,0.08468085,0.14837223,0.04347826
