No Finding,Atelectasis,Consolidation,Infiltration,Pneumothorax,Edema,Emphysema,Fibrosis,Effusion,Pneumonia,Pleural_Thickening,Cardiomegaly,Nodule,Mass,Hernia
0.8464638,0.49258426,0.35682327,0.52898,0.33843213,0.36995515,0.28747433,0.3260188,0.5638095,0.3469388,0.30618402,0.3572711,0.46459144,0.45135847,0.02173913
