No Finding,Atelectasis,Consolidation,Infiltration,Pneumothorax,Edema,Emphysema,Fibrosis,Effusion,Pneumonia,Pleural_Thickening,Cardiomegaly,Nodule,Mass,Hernia
0.27012253,0.32448125,0.1372698,0.48373386,0.15876888,0.07154791,0.07947538,0.052986704,0.3653782,0.04425396,0.110544056,0.08882829,0.18667406,0.17435803,0.0077165193
