No Finding,Atelectasis,Consolidation,Infiltration,Pneumothorax,Edema,Emphysema,Fibrosis,Effusion,Pneumonia,Pleural_Thickening,Cardiomegaly,Nodule,Mass,Hernia
0.15615126,0.19366018,0.07369279,0.31902966,0.08622974,0.037101213,0.041382123,0.027214352,0.22352462,0.022627663,0.05850576,0.046478443,0.10294567,0.095505044,0.0038732036
