No Finding,Atelectasis,Consolidation,Infiltration,Pneumothorax,Edema,Emphysema,Fibrosis,Effusion,Pneumonia,Pleural_Thickening,Cardiomegaly,Nodule,Mass,Hernia
0.54227614,0.099224046,0.039867997,0.17619514,0.04664645,0.019889405,0.021717802,0.014225829,0.11706208,0.013110952,0.029566536,0.024839457,0.057304673,0.050882984,0.0020513735
