No Finding,Atelectasis,Consolidation,Infiltration,Pneumothorax,Edema,Emphysema,Fibrosis,Effusion,Pneumonia,Pleural_Thickening,Cardiomegaly,Nodule,Mass,Hernia
0.72634727,0.30810535,0.21177714,0.35195228,0.25587043,0.22497933,0.12969035,0.07596068,0.46679047,0.059790734,0.13557288,0.3164983,0.12604547,0.18555817,0.019704433
