No Finding,Atelectasis,Consolidation,Infiltration,Pneumothorax,Edema,Emphysema,Fibrosis,Effusion,Pneumonia,Pleural_Thickening,Cardiomegaly,Nodule,Mass,Hernia
0.64921534,0.21937011,0.14001396,0.27878007,0.17974971,0.18230563,0.07985644,0.045527585,0.3802653,0.03456221,0.08550889,0.2835596,0.074264295,0.12392673,0.011049724
