No Finding,Atelectasis,Consolidation,Infiltration,Pneumothorax,Edema,Emphysema,Fibrosis,Effusion,Pneumonia,Pleural_Thickening,Cardiomegaly,Nodule,Mass,Hernia
0.82427794,0.5173894,0.43445286,0.47720587,0.44382024,0.2937365,0.34496123,0.22911051,0.60428995,0.22140221,0.32706222,0.35809523,0.4163424,0.36913896,0.09090909
