No Finding,Atelectasis,Consolidation,Infiltration,Pneumothorax,Edema,Emphysema,Fibrosis,Effusion,Pneumonia,Pleural_Thickening,Cardiomegaly,Nodule,Mass,Hernia
0.7120551,0.26048893,0.13972567,0.34005183,0.105532266,0.09735849,0.043752503,0.05192108,0.36517912,0.036753446,0.099947944,0.06629271,0.114257246,0.12065906,0.009029346
