No Finding,Atelectasis,Consolidation,Infiltration,Pneumothorax,Edema,Emphysema,Fibrosis,Effusion,Pneumonia,Pleural_Thickening,Cardiomegaly,Nodule,Mass,Hernia
0.58529973,0.16132993,0.07929579,0.23863406,0.05930353,0.053382993,0.02243672,0.040783033,0.25319582,0.02008032,0.07698476,0.03576833,0.06373911,0.08487874,0.0046232087
