No Finding,Atelectasis,Consolidation,Infiltration,Pneumothorax,Edema,Emphysema,Fibrosis,Effusion,Pneumonia,Pleural_Thickening,Cardiomegaly,Nodule,Mass,Hernia
0.90888834,0.6759537,0.5872845,0.5913871,0.4786642,0.5524625,0.8757515,0.071428575,0.65477085,0.2166065,0.14243324,0.45217392,0.5508407,0.20858896,0.1923077
