No Finding,Atelectasis,Consolidation,Infiltration,Pneumothorax,Edema,Emphysema,Fibrosis,Effusion,Pneumonia,Pleural_Thickening,Cardiomegaly,Nodule,Mass,Hernia
0.7403358,0.32996434,0.18945312,0.38154724,0.2640076,0.18717828,0.14981818,0.0754717,0.47162598,0.074679114,0.15894686,0.29596412,0.14769231,0.22630835,0.023529412
