No Finding,Atelectasis,Consolidation,Infiltration,Pneumothorax,Edema,Emphysema,Fibrosis,Effusion,Pneumonia,Pleural_Thickening,Cardiomegaly,Nodule,Mass,Hernia
0.64883024,0.25330898,0.123488225,0.29595792,0.19651273,0.12062726,0.11976744,0.04510309,0.3803652,0.057866186,0.119501464,0.28061223,0.10114389,0.15717092,0.021276595
