No Finding,Atelectasis,Consolidation,Infiltration,Pneumothorax,Edema,Emphysema,Fibrosis,Effusion,Pneumonia,Pleural_Thickening,Cardiomegaly,Nodule,Mass,Hernia
0.735831,0.33193332,0.20016186,0.37837374,0.27529287,0.19858156,0.13594954,0.09203798,0.46704045,0.0747782,0.14090344,0.27320755,0.16586018,0.1971831,0.008798944
