No Finding,Atelectasis,Consolidation,Infiltration,Pneumothorax,Edema,Emphysema,Fibrosis,Effusion,Pneumonia,Pleural_Thickening,Cardiomegaly,Nodule,Mass,Hernia
0.6380625,0.23589002,0.13326149,0.29087076,0.1923363,0.14154412,0.1064764,0.06312625,0.39563543,0.045141544,0.09872241,0.22625,0.105565,0.13289826,0.004486317
