No Finding,Atelectasis,Consolidation,Infiltration,Pneumothorax,Edema,Emphysema,Fibrosis,Effusion,Pneumonia,Pleural_Thickening,Cardiomegaly,Nodule,Mass,Hernia
0.86898285,0.55989695,0.40195015,0.5411765,0.4840824,0.33261338,0.1879845,0.16981132,0.56989646,0.21771218,0.24602026,0.3447619,0.38677043,0.3819267,0.22727273
