No Finding,Atelectasis,Consolidation,Infiltration,Pneumothorax,Edema,Emphysema,Fibrosis,Effusion,Pneumonia,Pleural_Thickening,Cardiomegaly,Nodule,Mass,Hernia
0.73719555,0.3074993,0.1972067,0.38162163,0.2455368,0.15900233,0.11052844,0.06603384,0.4876944,0.062439963,0.14715719,0.2772563,0.18043202,0.20928991,0.020833334
