No Finding,Atelectasis,Consolidation,Infiltration,Pneumothorax,Edema,Emphysema,Fibrosis,Effusion,Pneumonia,Pleural_Thickening,Cardiomegaly,Nodule,Mass,Hernia
0.6632802,0.2275165,0.13514549,0.2935958,0.16644563,0.096317284,0.06919192,0.03846154,0.41602266,0.036171395,0.094827585,0.24211854,0.13391173,0.1503644,0.020408163
