No Finding,Atelectasis,Consolidation,Infiltration,Pneumothorax,Edema,Emphysema,Fibrosis,Effusion,Pneumonia,Pleural_Thickening,Cardiomegaly,Nodule,Mass,Hernia
0.8296512,0.47420463,0.3646694,0.54503345,0.46784717,0.45535713,0.2745491,0.23323615,0.58920103,0.22807017,0.3283582,0.3243243,0.27647975,0.34416154,0.021276595
