No Finding,Atelectasis,Consolidation,Infiltration,Pneumothorax,Edema,Emphysema,Fibrosis,Effusion,Pneumonia,Pleural_Thickening,Cardiomegaly,Nodule,Mass,Hernia
0.6568197,0.24699862,0.14122778,0.2990466,0.21703768,0.14298561,0.08966565,0.035322778,0.44070888,0.039196942,0.11563422,0.42888403,0.0904004,0.15947807,0.010171306
