No Finding,Atelectasis,Consolidation,Infiltration,Pneumothorax,Edema,Emphysema,Fibrosis,Effusion,Pneumonia,Pleural_Thickening,Cardiomegaly,Nodule,Mass,Hernia
0.6548938,0.24668382,0.126294,0.2959493,0.2106877,0.16056338,0.09283019,0.03431472,0.42150307,0.03919598,0.12417119,0.3674833,0.090078816,0.16213194,0.009042554
