No Finding,Atelectasis,Consolidation,Infiltration,Pneumothorax,Edema,Emphysema,Fibrosis,Effusion,Pneumonia,Pleural_Thickening,Cardiomegaly,Nodule,Mass,Hernia
0.6616236,0.27137548,0.14163822,0.30858532,0.21957557,0.16666667,0.11137072,0.03358964,0.4369748,0.051039696,0.13468415,0.43153527,0.08931677,0.18314484,0.008474576
