No Finding,Atelectasis,Consolidation,Infiltration,Pneumothorax,Edema,Emphysema,Fibrosis,Effusion,Pneumonia,Pleural_Thickening,Cardiomegaly,Nodule,Mass,Hernia
0.65191555,0.2547441,0.14001372,0.3094254,0.21513103,0.1790235,0.10628743,0.038768984,0.44266528,0.054807693,0.10954892,0.39908257,0.09408402,0.15821646,0.009569378
