No Finding,Atelectasis,Consolidation,Infiltration,Pneumothorax,Edema,Emphysema,Fibrosis,Effusion,Pneumonia,Pleural_Thickening,Cardiomegaly,Nodule,Mass,Hernia
0.7324353,0.31180036,0.17115177,0.37237823,0.21649134,0.17953488,0.10417827,0.06065934,0.41473398,0.05733722,0.15106261,0.11101083,0.121698916,0.1881997,0.012738854
