No Finding,Atelectasis,Consolidation,Infiltration,Pneumothorax,Edema,Emphysema,Fibrosis,Effusion,Pneumonia,Pleural_Thickening,Cardiomegaly,Nodule,Mass,Hernia
0.6531537,0.21460675,0.103246756,0.2882102,0.1670157,0.1154997,0.06081301,0.034989856,0.3203372,0.0336374,0.0940966,0.07282416,0.071541,0.146906,0.006637168
