No Finding,Atelectasis,Consolidation,Infiltration,Pneumothorax,Edema,Emphysema,Fibrosis,Effusion,Pneumonia,Pleural_Thickening,Cardiomegaly,Nodule,Mass,Hernia
0.83362263,0.56990623,0.5,0.5259854,0.30761814,0.40292275,0.3631068,0.22772278,0.58800775,0.19407895,0.38282388,0.23339659,0.40716612,0.26178452,0.15789473
