No Finding,Atelectasis,Consolidation,Infiltration,Pneumothorax,Edema,Emphysema,Fibrosis,Effusion,Pneumonia,Pleural_Thickening,Cardiomegaly,Nodule,Mass,Hernia
0.7381308,0.32954067,0.19718918,0.38474527,0.25692308,0.18341824,0.13147584,0.074074075,0.45707142,0.05618615,0.14612214,0.20068611,0.18257527,0.22730628,0.011083744
0.7360928,0.30511275,0.19270954,0.3816385,0.25378284,0.17752948,0.11553963,0.07192661,0.44941607,0.054516055,0.1447619,0.23297785,0.18008415,0.19246078,0.010526316
0.74021715,0.31194928,0.17866005,0.37646002,0.23657474,0.14329943,0.124723576,0.05842167,0.4573346,0.057766367,0.1421155,0.2112537,0.17353705,0.21658859,0.0127551025
0.74073815,0.32148236,0.1882298,0.37790054,0.23367319,0.18386915,0.116722785,0.060606062,0.46034354,0.06391926,0.17399439,0.2725451,0.15718038,0.2114054,0.0033834921
0.7376291,0.3173164,0.19721273,0.37482646,0.26213592,0.15235792,0.113372095,0.07178912,0.46229985,0.05474171,0.13915662,0.23934181,0.17678571,0.1821632,0.033195022
