No Finding,Atelectasis,Consolidation,Infiltration,Pneumothorax,Edema,Emphysema,Fibrosis,Effusion,Pneumonia,Pleural_Thickening,Cardiomegaly,Nodule,Mass,Hernia
0.6645296,0.2377474,0.118551046,0.2918234,0.19064328,0.0892562,0.0794814,0.03158431,0.39388934,0.035601266,0.09053328,0.23464912,0.13782051,0.1579582,0.0067750677
0.64889556,0.24508984,0.12334325,0.31884775,0.17753367,0.11702128,0.0839822,0.041696623,0.36265433,0.030489683,0.09774436,0.19796954,0.15216231,0.15800273,0.00560166
0.64670694,0.24860205,0.12109375,0.28565922,0.16358025,0.125966,0.06821909,0.046846848,0.37493917,0.042937852,0.12818746,0.28874734,0.10748503,0.14751914,0.0016946129
0.6526269,0.22706209,0.13227513,0.29267237,0.18057021,0.09296606,0.06924101,0.044444446,0.38459677,0.030749243,0.08716981,0.2147651,0.14306359,0.12479688,0.020618556
0.66904014,0.21042345,0.12263593,0.30621016,0.17710263,0.12456446,0.075131044,0.041631266,0.36270726,0.029078364,0.09272062,0.20461094,0.14078948,0.13266623,0.0057034222
