No Finding,Atelectasis,Consolidation,Infiltration,Pneumothorax,Edema,Emphysema,Fibrosis,Effusion,Pneumonia,Pleural_Thickening,Cardiomegaly,Nodule,Mass,Hernia
0.86676586,0.4548167,0.42243186,0.55812204,0.40887174,0.34029227,0.4038835,0.08580858,0.5961315,0.125,0.27074236,0.2580645,0.2923453,0.37289563,1.0
0.83536184,0.45348313,0.36241612,0.5302455,0.31166348,0.3632287,0.2895277,0.38871473,0.5451428,0.15306123,0.33031675,0.19210054,0.23424125,0.3444347,0.10869565
0.8558224,0.5027861,0.49137932,0.48497745,0.46474954,0.42398286,0.3026052,0.33142856,0.6179564,0.35740072,0.28931752,0.20347826,0.22818254,0.40490797,0.5192308
0.8480897,0.5266552,0.3873967,0.5211014,0.47809878,0.421875,0.31262526,0.18658893,0.5793506,0.24912281,0.34477612,0.27027026,0.23130842,0.33713785,0.08510638
0.81808287,0.55474454,0.4496208,0.5063726,0.44756556,0.3088553,0.25,0.26415095,0.5906065,0.43542436,0.3299566,0.2704762,0.24980545,0.35038364,0.06818182
