No Finding,Atelectasis,Consolidation,Infiltration,Pneumothorax,Edema,Emphysema,Fibrosis,Effusion,Pneumonia,Pleural_Thickening,Cardiomegaly,Nodule,Mass,Hernia
0.72363865,0.2970267,0.18380266,0.33877888,0.22700912,0.1699029,0.11175682,0.055853922,0.37918642,0.0580225,0.16204315,0.13844715,0.11016649,0.18247166,0.025477707
