No Finding,Atelectasis,Consolidation,Infiltration,Pneumothorax,Edema,Emphysema,Fibrosis,Effusion,Pneumonia,Pleural_Thickening,Cardiomegaly,Nodule,Mass,Hernia
0.6228756,0.23056994,0.11607389,0.2523043,0.1989833,0.119760476,0.07259001,0.030400468,0.30169258,0.03537906,0.116161615,0.09186841,0.059388924,0.13585837,0.016806724
