No Finding,Atelectasis,Consolidation,Infiltration,Pneumothorax,Edema,Emphysema,Fibrosis,Effusion,Pneumonia,Pleural_Thickening,Cardiomegaly,Nodule,Mass,Hernia
0.8632945,0.41730607,0.4412998,0.51544064,0.26422372,0.29227558,0.24271844,0.34323433,0.51025146,0.1611842,0.26783115,0.2808349,0.759772,0.2777778,0.05263158
