No Finding,Atelectasis,Consolidation,Infiltration,Pneumothorax,Edema,Emphysema,Fibrosis,Effusion,Pneumonia,Pleural_Thickening,Cardiomegaly,Nodule,Mass,Hernia
0.5584886,0.63716817,0.5398907,0.7773556,0.5027881,0.44930875,0.39770555,0.26190478,0.6278452,0.3540146,0.2888563,0.39855072,0.5182094,0.37882766,0.25925925
