label,thresholds,f1_most
No Finding,0.37185929648241206,0.7393159
