No Finding,Atelectasis,Consolidation,Infiltration,Pneumothorax,Edema,Emphysema,Fibrosis,Effusion,Pneumonia,Pleural_Thickening,Cardiomegaly,Nodule,Mass,Hernia
0.73503083,0.32196602,0.1837195,0.37619895,0.2546312,0.19381443,0.13874789,0.06628242,0.4375093,0.06979543,0.16559881,0.20512821,0.13132608,0.20757082,0.006866953
