No Finding,Atelectasis,Consolidation,Infiltration,Pneumothorax,Edema,Emphysema,Fibrosis,Effusion,Pneumonia,Pleural_Thickening,Cardiomegaly,Nodule,Mass,Hernia
0.63521975,0.23810497,0.11419832,0.291054,0.19565217,0.14446722,0.097774245,0.042396314,0.35521236,0.055028465,0.1251863,0.20532319,0.081738435,0.14780435,0.003549246
