No Finding,Atelectasis,Consolidation,Infiltration,Pneumothorax,Edema,Emphysema,Fibrosis,Effusion,Pneumonia,Pleural_Thickening,Cardiomegaly,Nodule,Mass,Hernia
0.87205553,0.4970162,0.4696017,0.53176,0.364513,0.29436326,0.23883495,0.15181518,0.56943905,0.09539474,0.24454148,0.20493358,0.33387622,0.34848484,0.10526316
