No Finding,Atelectasis,Consolidation,Infiltration,Pneumothorax,Edema,Emphysema,Fibrosis,Effusion,Pneumonia,Pleural_Thickening,Cardiomegaly,Nodule,Mass,Hernia
0.72806835,0.30868512,0.18758409,0.3696498,0.25454545,0.17025982,0.125,0.0729927,0.42141795,0.06865285,0.14753383,0.2247883,0.13566084,0.19722497,0.016791046
