No Finding,Atelectasis,Consolidation,Infiltration,Pneumothorax,Edema,Emphysema,Fibrosis,Effusion,Pneumonia,Pleural_Thickening,Cardiomegaly,Nodule,Mass,Hernia
0.6292509,0.22456963,0.115230225,0.2887956,0.21442246,0.113152094,0.08723236,0.050561797,0.31912896,0.0420969,0.10425663,0.20650637,0.086239696,0.1373835,0.008780488
