No Finding,Atelectasis,Consolidation,Infiltration,Pneumothorax,Edema,Emphysema,Fibrosis,Effusion,Pneumonia,Pleural_Thickening,Cardiomegaly,Nodule,Mass,Hernia
0.8637043,0.49355116,0.5041322,0.51338136,0.31314072,0.34375,0.22044088,0.13119534,0.6202116,0.18596491,0.2522388,0.24662162,0.317757,0.3494293,0.19148937
