No Finding,Atelectasis,Consolidation,Infiltration,Pneumothorax,Edema,Emphysema,Fibrosis,Effusion,Pneumonia,Pleural_Thickening,Cardiomegaly,Nodule,Mass,Hernia
0.7508861,0.3424959,0.19303797,0.38326344,0.28897566,0.22634017,0.13576159,0.064454615,0.495286,0.060512025,0.17743325,0.3280318,0.15520586,0.22751047,0.017653167
