label,thresholds,f1_most
No Finding,0.36180904522613067,0.73149544
