No Finding,Atelectasis,Consolidation,Infiltration,Pneumothorax,Edema,Emphysema,Fibrosis,Effusion,Pneumonia,Pleural_Thickening,Cardiomegaly,Nodule,Mass,Hernia
0.73540485,0.3021736,0.17764416,0.3678562,0.22778346,0.17322835,0.12366035,0.06723716,0.42818427,0.05914787,0.1568,0.16454622,0.13654147,0.19522265,0.025
