No Finding,Atelectasis,Consolidation,Infiltration,Pneumothorax,Edema,Emphysema,Fibrosis,Effusion,Pneumonia,Pleural_Thickening,Cardiomegaly,Nodule,Mass,Hernia
0.6427385,0.21482745,0.11754069,0.2806924,0.1554007,0.12244898,0.07735946,0.04176158,0.3322818,0.034685478,0.1066957,0.15594855,0.091194145,0.14711112,0.01754386
