No Finding,Atelectasis,Consolidation,Infiltration,Pneumothorax,Edema,Emphysema,Fibrosis,Effusion,Pneumonia,Pleural_Thickening,Cardiomegaly,Nodule,Mass,Hernia
0.85929275,0.5092135,0.3635347,0.53353584,0.42638624,0.29596412,0.30800822,0.1724138,0.60190475,0.20068027,0.29562595,0.17414722,0.27159533,0.2900964,0.04347826
