No Finding,Atelectasis,Consolidation,Infiltration,Pneumothorax,Edema,Emphysema,Fibrosis,Effusion,Pneumonia,Pleural_Thickening,Cardiomegaly,Nodule,Mass,Hernia
0.53245676,0.10184287,0.044076614,0.1737004,0.04609929,0.020609515,0.022438562,0.01624717,0.11920162,0.014356214,0.02633504,0.024926294,0.06341642,0.042543665,0.0029850747
