No Finding,Atelectasis,Consolidation,Infiltration,Pneumothorax,Edema,Emphysema,Fibrosis,Effusion,Pneumonia,Pleural_Thickening,Cardiomegaly,Nodule,Mass,Hernia
0.5294492,0.09993614,0.0416528,0.18147035,0.047595587,0.02238806,0.025011688,0.017020127,0.11705872,0.015765766,0.030559836,0.024625268,0.05764883,0.054752517,0.0
