No Finding,Atelectasis,Consolidation,Infiltration,Pneumothorax,Edema,Emphysema,Fibrosis,Effusion,Pneumonia,Pleural_Thickening,Cardiomegaly,Nodule,Mass,Hernia
0.5395638,0.09525259,0.04014235,0.1736684,0.04668155,0.02138804,0.02244946,0.012186865,0.10866373,0.012561687,0.030325085,0.025923884,0.053247735,0.054867256,0.0026455026
