No Finding,Atelectasis,Consolidation,Infiltration,Pneumothorax,Edema,Emphysema,Fibrosis,Effusion,Pneumonia,Pleural_Thickening,Cardiomegaly,Nodule,Mass,Hernia
0.74277467,0.33480984,0.19445291,0.38062283,0.26427773,0.20780857,0.12785389,0.057874236,0.48216322,0.06699508,0.1661891,0.3078113,0.14325134,0.22333044,0.028985508
0.7398356,0.32638285,0.19390926,0.3738214,0.2691454,0.15326539,0.11735486,0.068939105,0.48017347,0.05148713,0.15310585,0.2859304,0.15807393,0.20651421,0.025316456
0.7429329,0.34103245,0.19114818,0.37629724,0.26490065,0.20360552,0.13664596,0.067617536,0.47576198,0.07105263,0.1563981,0.29952607,0.14281088,0.21752267,0.011029412
0.735831,0.33193332,0.20016186,0.37837374,0.27529287,0.19858156,0.13594954,0.09203798,0.46704045,0.0747782,0.14090344,0.27320755,0.16586018,0.1971831,0.008798944
0.74065995,0.3402993,0.20799181,0.3863179,0.26366162,0.22208041,0.1475797,0.06850871,0.48205444,0.07698002,0.16941597,0.3109328,0.14511788,0.21879159,0.01871102
