No Finding,Atelectasis,Consolidation,Infiltration,Pneumothorax,Edema,Emphysema,Fibrosis,Effusion,Pneumonia,Pleural_Thickening,Cardiomegaly,Nodule,Mass,Hernia
0.6380625,0.23589002,0.13326149,0.29087076,0.1923363,0.14154412,0.1064764,0.06312625,0.39563543,0.045141544,0.09872241,0.22625,0.105565,0.13289826,0.004486317
0.6580411,0.24606986,0.13866666,0.2916907,0.19162387,0.092230804,0.06943424,0.03968254,0.41722745,0.027717976,0.10829208,0.2589041,0.093659945,0.1401254,0.03125
0.65570456,0.24224493,0.13770795,0.27488425,0.22222222,0.13646056,0.086842105,0.04025157,0.38072008,0.040991902,0.107317075,0.29924244,0.08912692,0.15024076,0.0057142857
0.6454718,0.24822974,0.13642474,0.2968939,0.1975937,0.15818182,0.10460251,0.036684234,0.40978432,0.048417132,0.12109624,0.36729857,0.08383085,0.1571101,0.009615385
0.66171646,0.2535863,0.13364056,0.297255,0.21677893,0.14448336,0.082207866,0.031755727,0.42117244,0.037077427,0.11404494,0.27038044,0.08468085,0.14837223,0.04347826
