No Finding,Atelectasis,Consolidation,Infiltration,Pneumothorax,Edema,Emphysema,Fibrosis,Effusion,Pneumonia,Pleural_Thickening,Cardiomegaly,Nodule,Mass,Hernia
0.86898285,0.55989695,0.40195015,0.5411765,0.4840824,0.33261338,0.1879845,0.16981132,0.56989646,0.21771218,0.24602026,0.3447619,0.38677043,0.3819267,0.22727273
0.8687794,0.54093444,0.4375,0.55282927,0.3961039,0.37259102,0.250501,0.51714283,0.5852742,0.18772563,0.28189912,0.26956522,0.5396317,0.36021033,0.34615386
0.8464638,0.49258426,0.35682327,0.52898,0.33843213,0.36995515,0.28747433,0.3260188,0.5638095,0.3469388,0.30618402,0.3572711,0.46459144,0.45135847,0.02173913
0.8448505,0.4845228,0.32231405,0.5203294,0.45200372,0.453125,0.3787575,0.26239067,0.565487,0.3614035,0.26119402,0.31925675,0.50623053,0.39244953,0.021276595
0.8569303,0.57587385,0.31236896,0.5962842,0.32786885,0.40083507,0.32038835,0.21122113,0.63404256,0.26644737,0.28820962,0.29981026,0.35912052,0.3939394,0.15789473
