label,thresholds,f1_most
No Finding,0.18090452261306533,0.39568081
