No Finding,Atelectasis,Consolidation,Infiltration,Pneumothorax,Edema,Emphysema,Fibrosis,Effusion,Pneumonia,Pleural_Thickening,Cardiomegaly,Nodule,Mass,Hernia
0.7360928,0.30511275,0.19270954,0.3816385,0.25378284,0.17752948,0.11553963,0.07192661,0.44941607,0.054516055,0.1447619,0.23297785,0.18008415,0.19246078,0.010526316
