No Finding,Atelectasis,Consolidation,Infiltration,Pneumothorax,Edema,Emphysema,Fibrosis,Effusion,Pneumonia,Pleural_Thickening,Cardiomegaly,Nodule,Mass,Hernia
0.66904014,0.21042345,0.12263593,0.30621016,0.17710263,0.12456446,0.075131044,0.041631266,0.36270726,0.029078364,0.09272062,0.20461094,0.14078948,0.13266623,0.0057034222
