No Finding,Atelectasis,Consolidation,Infiltration,Pneumothorax,Edema,Emphysema,Fibrosis,Effusion,Pneumonia,Pleural_Thickening,Cardiomegaly,Nodule,Mass,Hernia
0.7429329,0.34103245,0.19114818,0.37629724,0.26490065,0.20360552,0.13664596,0.067617536,0.47576198,0.07105263,0.1563981,0.29952607,0.14281088,0.21752267,0.011029412
