No Finding,Atelectasis,Consolidation,Infiltration,Pneumothorax,Edema,Emphysema,Fibrosis,Effusion,Pneumonia,Pleural_Thickening,Cardiomegaly,Nodule,Mass,Hernia
0.65570456,0.24224493,0.13770795,0.27488425,0.22222222,0.13646056,0.086842105,0.04025157,0.38072008,0.040991902,0.107317075,0.29924244,0.08912692,0.15024076,0.0057142857
