No Finding,Atelectasis,Consolidation,Infiltration,Pneumothorax,Edema,Emphysema,Fibrosis,Effusion,Pneumonia,Pleural_Thickening,Cardiomegaly,Nodule,Mass,Hernia
0.8569303,0.57587385,0.31236896,0.5962842,0.32786885,0.40083507,0.32038835,0.21122113,0.63404256,0.26644737,0.28820962,0.29981026,0.35912052,0.3939394,0.15789473
