No Finding,Atelectasis,Consolidation,Infiltration,Pneumothorax,Edema,Emphysema,Fibrosis,Effusion,Pneumonia,Pleural_Thickening,Cardiomegaly,Nodule,Mass,Hernia
0.7512701565608354,0.7560197116834653,0.7812713050864315,0.671604293309199,0.811876938964985,0.8591717956812417,0.7721653569396489,0.7022092571739214,0.8375406347556963,0.7010492249115241,0.7331501074388621,0.8651350474700861,0.655921535339251,0.7486750585356893,0.6264135973538353
