No Finding,Atelectasis,Consolidation,Infiltration,Pneumothorax,Edema,Emphysema,Fibrosis,Effusion,Pneumonia,Pleural_Thickening,Cardiomegaly,Nodule,Mass,Hernia
0.7412608,0.33844125,0.19939394,0.37944454,0.28247163,0.2097489,0.14603175,0.078431375,0.45716783,0.06300813,0.15821153,0.3367647,0.1603928,0.22118472,0.016666668
