No Finding,Atelectasis,Consolidation,Infiltration,Pneumothorax,Edema,Emphysema,Fibrosis,Effusion,Pneumonia,Pleural_Thickening,Cardiomegaly,Nodule,Mass,Hernia
0.6682794,0.27489293,0.13870151,0.29335338,0.2139446,0.1600902,0.0943728,0.05699482,0.37339363,0.04384724,0.111380145,0.29171973,0.096662834,0.16579178,0.008538899
