No Finding,Atelectasis,Consolidation,Infiltration,Pneumothorax,Edema,Emphysema,Fibrosis,Effusion,Pneumonia,Pleural_Thickening,Cardiomegaly,Nodule,Mass,Hernia
0.8321367,0.44020575,0.35452586,0.5370556,0.41558442,0.30406854,0.32264528,0.12571429,0.5894065,0.11191336,0.27299702,0.39826086,0.47077662,0.33216476,0.34615386
