No Finding,Atelectasis,Consolidation,Infiltration,Pneumothorax,Edema,Emphysema,Fibrosis,Effusion,Pneumonia,Pleural_Thickening,Cardiomegaly,Nodule,Mass,Hernia
0.7236491,0.30330467,0.19554816,0.34669375,0.24911718,0.20443846,0.1306076,0.070408165,0.4301348,0.0655141,0.13434626,0.26570547,0.11866519,0.18130445,0.012851406
