No Finding,Atelectasis,Consolidation,Infiltration,Pneumothorax,Edema,Emphysema,Fibrosis,Effusion,Pneumonia,Pleural_Thickening,Cardiomegaly,Nodule,Mass,Hernia
0.61747307,0.20593207,0.12100927,0.2781565,0.18954568,0.1484375,0.092369474,0.043423537,0.37656206,0.03736378,0.09281768,0.28923768,0.06512653,0.12524398,0.0066611157
