No Finding,Atelectasis,Consolidation,Infiltration,Pneumothorax,Edema,Emphysema,Fibrosis,Effusion,Pneumonia,Pleural_Thickening,Cardiomegaly,Nodule,Mass,Hernia
0.87392217,0.5753542,0.5092091,0.46004903,0.36329588,0.32829374,0.22286822,0.18598382,0.50147927,0.26568267,0.2431259,0.24571429,0.6669261,0.32821825,0.18181819
