No Finding,Atelectasis,Consolidation,Infiltration,Pneumothorax,Edema,Emphysema,Fibrosis,Effusion,Pneumonia,Pleural_Thickening,Cardiomegaly,Nodule,Mass,Hernia
0.6454718,0.24822974,0.13642474,0.2968939,0.1975937,0.15818182,0.10460251,0.036684234,0.40978432,0.048417132,0.12109624,0.36729857,0.08383085,0.1571101,0.009615385
