No Finding,Atelectasis,Consolidation,Infiltration,Pneumothorax,Edema,Emphysema,Fibrosis,Effusion,Pneumonia,Pleural_Thickening,Cardiomegaly,Nodule,Mass,Hernia
0.8687794,0.54093444,0.4375,0.55282927,0.3961039,0.37259102,0.250501,0.51714283,0.5852742,0.18772563,0.28189912,0.26956522,0.5396317,0.36021033,0.34615386
