No Finding,Atelectasis,Consolidation,Infiltration,Pneumothorax,Edema,Emphysema,Fibrosis,Effusion,Pneumonia,Pleural_Thickening,Cardiomegaly,Nodule,Mass,Hernia
0.72806835,0.30868512,0.18758409,0.3696498,0.25454545,0.17025982,0.125,0.0729927,0.42141795,0.06865285,0.14753383,0.2247883,0.13566084,0.19722497,0.016791046
0.73503083,0.32196602,0.1837195,0.37619895,0.2546312,0.19381443,0.13874789,0.06628242,0.4375093,0.06979543,0.16559881,0.20512821,0.13132608,0.20757082,0.006866953
0.73096275,0.30896127,0.17945242,0.3657447,0.23035316,0.17866667,0.12982126,0.053913455,0.41511443,0.054997817,0.15082824,0.18759018,0.13748047,0.1989975,0.013504389
0.72948587,0.3218258,0.21206485,0.37674776,0.2573975,0.21669853,0.13348545,0.076537915,0.4414803,0.053793658,0.13840087,0.20430107,0.14608985,0.18600646,0.018450184
0.73638064,0.32609308,0.20009242,0.37714386,0.26453245,0.20883535,0.13456464,0.06779661,0.44815257,0.070028014,0.15042458,0.26554105,0.14630301,0.21756068,0.020891365
