No Finding,Atelectasis,Consolidation,Infiltration,Pneumothorax,Edema,Emphysema,Fibrosis,Effusion,Pneumonia,Pleural_Thickening,Cardiomegaly,Nodule,Mass,Hernia
0.6292509,0.22456963,0.115230225,0.2887956,0.21442246,0.113152094,0.08723236,0.050561797,0.31912896,0.0420969,0.10425663,0.20650637,0.086239696,0.1373835,0.008780488
0.62302965,0.22422889,0.11842576,0.27681705,0.17262757,0.12713473,0.084197685,0.02915601,0.3189532,0.03154732,0.10606989,0.1281209,0.08408617,0.13934714,0.006968641
0.65215456,0.2430103,0.12735294,0.28988433,0.18968989,0.14263323,0.08053691,0.038678486,0.34608305,0.057208236,0.103390776,0.23763736,0.09108756,0.16530055,0.01083815
0.63521975,0.23810497,0.11419832,0.291054,0.19565217,0.14446722,0.097774245,0.042396314,0.35521236,0.055028465,0.1251863,0.20532319,0.081738435,0.14780435,0.003549246
0.6317725,0.2424902,0.14049296,0.3091795,0.2078296,0.15370706,0.09458367,0.044123713,0.341493,0.03018018,0.09199237,0.1928934,0.09291005,0.124423966,0.01004016
