No Finding,Atelectasis,Consolidation,Infiltration,Pneumothorax,Edema,Emphysema,Fibrosis,Effusion,Pneumonia,Pleural_Thickening,Cardiomegaly,Nodule,Mass,Hernia
0.87205553,0.4970162,0.4696017,0.53176,0.364513,0.29436326,0.23883495,0.15181518,0.56943905,0.09539474,0.24454148,0.20493358,0.33387622,0.34848484,0.10526316
0.8629552,0.47831687,0.43228602,0.48210785,0.338015,0.36717063,0.22674419,0.2884097,0.62426037,0.24723247,0.27930537,0.21714285,0.34163424,0.36828643,0.11363637
0.8841283,0.4966292,0.37024608,0.5388509,0.3460803,0.30044842,0.28336754,0.35736677,0.5942857,0.21428572,0.26093516,0.35008976,0.3766537,0.34794042,0.2173913
0.84558886,0.49549934,0.46659482,0.53955936,0.43692023,0.38972163,0.40881765,0.2742857,0.6356123,0.090252705,0.27596438,0.30086955,0.37149718,0.31814197,0.28846154
0.8637043,0.49355116,0.5041322,0.51338136,0.31314072,0.34375,0.22044088,0.13119534,0.6202116,0.18596491,0.2522388,0.24662162,0.317757,0.3494293,0.19148937
