No Finding,Atelectasis,Consolidation,Infiltration,Pneumothorax,Edema,Emphysema,Fibrosis,Effusion,Pneumonia,Pleural_Thickening,Cardiomegaly,Nodule,Mass,Hernia
0.72948587,0.3218258,0.21206485,0.37674776,0.2573975,0.21669853,0.13348545,0.076537915,0.4414803,0.053793658,0.13840087,0.20430107,0.14608985,0.18600646,0.018450184
