No Finding,Atelectasis,Consolidation,Infiltration,Pneumothorax,Edema,Emphysema,Fibrosis,Effusion,Pneumonia,Pleural_Thickening,Cardiomegaly,Nodule,Mass,Hernia
0.6317725,0.2424902,0.14049296,0.3091795,0.2078296,0.15370706,0.09458367,0.044123713,0.341493,0.03018018,0.09199237,0.1928934,0.09291005,0.124423966,0.01004016
