No Finding,Atelectasis,Consolidation,Infiltration,Pneumothorax,Edema,Emphysema,Fibrosis,Effusion,Pneumonia,Pleural_Thickening,Cardiomegaly,Nodule,Mass,Hernia
0.8629552,0.47831687,0.43228602,0.48210785,0.338015,0.36717063,0.22674419,0.2884097,0.62426037,0.24723247,0.27930537,0.21714285,0.34163424,0.36828643,0.11363637
