No Finding,Atelectasis,Consolidation,Infiltration,Pneumothorax,Edema,Emphysema,Fibrosis,Effusion,Pneumonia,Pleural_Thickening,Cardiomegaly,Nodule,Mass,Hernia
0.26844335,0.32505336,0.13780013,0.49084756,0.15548036,0.07533105,0.07627451,0.05914936,0.35702923,0.046590343,0.10103552,0.090687945,0.18516463,0.17554626,0.0062995325
