No Finding,Atelectasis,Consolidation,Infiltration,Pneumothorax,Edema,Emphysema,Fibrosis,Effusion,Pneumonia,Pleural_Thickening,Cardiomegaly,Nodule,Mass,Hernia
0.15503007,0.19406788,0.07399857,0.32524717,0.08429314,0.03913974,0.039649375,0.030475996,0.2173071,0.02385078,0.053205587,0.04749771,0.10202833,0.096218534,0.0031597186
