No Finding,Atelectasis,Consolidation,Infiltration,Pneumothorax,Edema,Emphysema,Fibrosis,Effusion,Pneumonia,Pleural_Thickening,Cardiomegaly,Nodule,Mass,Hernia
0.73225176,0.32138154,0.20210896,0.3536662,0.27817032,0.21213406,0.13852814,0.06464981,0.4599186,0.064579256,0.16304792,0.30604982,0.12155575,0.18974486,0.01718213
