No Finding,Atelectasis,Consolidation,Infiltration,Pneumothorax,Edema,Emphysema,Fibrosis,Effusion,Pneumonia,Pleural_Thickening,Cardiomegaly,Nodule,Mass,Hernia
0.64465094,0.244,0.12693156,0.30340502,0.23215394,0.13227513,0.0948851,0.037809014,0.36718225,0.044295304,0.11262026,0.3132969,0.06940027,0.13225138,0.008854781
