No Finding,Atelectasis,Consolidation,Infiltration,Pneumothorax,Edema,Emphysema,Fibrosis,Effusion,Pneumonia,Pleural_Thickening,Cardiomegaly,Nodule,Mass,Hernia
0.8474045,0.47063866,0.49568966,0.42388582,0.3469388,0.5353319,0.25651303,0.22285715,0.6153268,0.11913358,0.29525223,0.29913044,0.48919135,0.33567047,0.28846154
