No Finding,Atelectasis,Consolidation,Infiltration,Pneumothorax,Edema,Emphysema,Fibrosis,Effusion,Pneumonia,Pleural_Thickening,Cardiomegaly,Nodule,Mass,Hernia
0.7381308,0.32954067,0.19718918,0.38474527,0.25692308,0.18341824,0.13147584,0.074074075,0.45707142,0.05618615,0.14612214,0.20068611,0.18257527,0.22730628,0.011083744
