No Finding,Atelectasis,Consolidation,Infiltration,Pneumothorax,Edema,Emphysema,Fibrosis,Effusion,Pneumonia,Pleural_Thickening,Cardiomegaly,Nodule,Mass,Hernia
0.64889556,0.24508984,0.12334325,0.31884775,0.17753367,0.11702128,0.0839822,0.041696623,0.36265433,0.030489683,0.09774436,0.19796954,0.15216231,0.15800273,0.00560166
