No Finding,Atelectasis,Consolidation,Infiltration,Pneumothorax,Edema,Emphysema,Fibrosis,Effusion,Pneumonia,Pleural_Thickening,Cardiomegaly,Nodule,Mass,Hernia
0.8558224,0.5027861,0.49137932,0.48497745,0.46474954,0.42398286,0.3026052,0.33142856,0.6179564,0.35740072,0.28931752,0.20347826,0.22818254,0.40490797,0.5192308
