No Finding,Atelectasis,Consolidation,Infiltration,Pneumothorax,Edema,Emphysema,Fibrosis,Effusion,Pneumonia,Pleural_Thickening,Cardiomegaly,Nodule,Mass,Hernia
0.7272275,0.30695257,0.1938883,0.37692052,0.23698384,0.18577406,0.114747785,0.062011465,0.43074277,0.05404001,0.1433426,0.14545454,0.14753805,0.18901771,0.008873114
