No Finding,Atelectasis,Consolidation,Infiltration,Pneumothorax,Edema,Emphysema,Fibrosis,Effusion,Pneumonia,Pleural_Thickening,Cardiomegaly,Nodule,Mass,Hernia
0.63167316,0.22008945,0.14345114,0.28584093,0.17414248,0.11520498,0.07160019,0.03432362,0.35175645,0.029066518,0.09112333,0.15483871,0.09581395,0.12713361,0.0046168054
