No Finding,Atelectasis,Consolidation,Infiltration,Pneumothorax,Edema,Emphysema,Fibrosis,Effusion,Pneumonia,Pleural_Thickening,Cardiomegaly,Nodule,Mass,Hernia
0.8568439,0.5070846,0.2990249,0.5531863,0.37078652,0.47948164,0.28875968,0.3207547,0.5554734,0.38376385,0.3357453,0.13714285,0.32062256,0.36828643,0.11363637
