No Finding,Atelectasis,Consolidation,Infiltration,Pneumothorax,Edema,Emphysema,Fibrosis,Effusion,Pneumonia,Pleural_Thickening,Cardiomegaly,Nodule,Mass,Hernia
0.8827242,0.53955287,0.43491736,0.57308286,0.472507,0.3549107,0.23647295,0.50728863,0.6169281,0.14385965,0.2925373,0.3310811,0.56619936,0.38630378,0.40425533
