No Finding,Atelectasis,Consolidation,Infiltration,Pneumothorax,Edema,Emphysema,Fibrosis,Effusion,Pneumonia,Pleural_Thickening,Cardiomegaly,Nodule,Mass,Hernia
0.8891644,0.59121907,0.4350105,0.57393926,0.48891032,0.38830897,0.2776699,0.5478548,0.6437137,0.17763157,0.32896653,0.3946869,0.5855049,0.42255893,0.42105263
