No Finding,Atelectasis,Consolidation,Infiltration,Pneumothorax,Edema,Emphysema,Fibrosis,Effusion,Pneumonia,Pleural_Thickening,Cardiomegaly,Nodule,Mass,Hernia
0.88179153,0.57063115,0.44203684,0.5688726,0.47659177,0.4276458,0.2751938,0.5229111,0.6338757,0.21033211,0.27062228,0.33142856,0.58910507,0.37510657,0.4090909
