No Finding,Atelectasis,Consolidation,Infiltration,Pneumothorax,Edema,Emphysema,Fibrosis,Effusion,Pneumonia,Pleural_Thickening,Cardiomegaly,Nodule,Mass,Hernia
0.73258394,0.29163167,0.19408329,0.3669742,0.24914406,0.1614654,0.106681034,0.05034325,0.43617687,0.059160307,0.1345066,0.19714285,0.13566063,0.1814319,0.014010508
