No Finding,Atelectasis,Consolidation,Infiltration,Pneumothorax,Edema,Emphysema,Fibrosis,Effusion,Pneumonia,Pleural_Thickening,Cardiomegaly,Nodule,Mass,Hernia
0.66022396,0.21618257,0.118690945,0.28934085,0.1736417,0.1159844,0.06162465,0.026390065,0.33212516,0.034235228,0.085191086,0.17079207,0.079042226,0.11967489,0.007633588
