No Finding,Atelectasis,Consolidation,Infiltration,Pneumothorax,Edema,Emphysema,Fibrosis,Effusion,Pneumonia,Pleural_Thickening,Cardiomegaly,Nodule,Mass,Hernia
0.8227575,0.44797936,0.5320248,0.501544,0.44082013,0.265625,0.39679357,0.5451895,0.6351696,0.21754386,0.319403,0.2331081,0.47819313,0.37489027,0.08510638
