No Finding,Atelectasis,Consolidation,Infiltration,Pneumothorax,Edema,Emphysema,Fibrosis,Effusion,Pneumonia,Pleural_Thickening,Cardiomegaly,Nodule,Mass,Hernia
0.7450796,0.32692307,0.18196245,0.38418293,0.23103113,0.17670055,0.11775701,0.06339772,0.4636325,0.059011165,0.15087396,0.26404086,0.190395,0.22551021,0.0067009158
