No Finding,Atelectasis,Consolidation,Infiltration,Pneumothorax,Edema,Emphysema,Fibrosis,Effusion,Pneumonia,Pleural_Thickening,Cardiomegaly,Nodule,Mass,Hernia
0.66518086,0.23849805,0.11915483,0.30806845,0.15492499,0.10700758,0.07622504,0.034417853,0.36924118,0.033423666,0.09468822,0.22235872,0.14995524,0.15905002,0.0033852404
