No Finding,Atelectasis,Consolidation,Infiltration,Pneumothorax,Edema,Emphysema,Fibrosis,Effusion,Pneumonia,Pleural_Thickening,Cardiomegaly,Nodule,Mass,Hernia
0.84679276,0.51955056,0.38478747,0.51025057,0.4541109,0.50672644,0.2587269,0.4012539,0.62285715,0.25170067,0.37104073,0.3249551,0.26070037,0.3873795,0.32608697
