No Finding,Atelectasis,Consolidation,Infiltration,Pneumothorax,Edema,Emphysema,Fibrosis,Effusion,Pneumonia,Pleural_Thickening,Cardiomegaly,Nodule,Mass,Hernia
0.73638064,0.32609308,0.20009242,0.37714386,0.26453245,0.20883535,0.13456464,0.06779661,0.44815257,0.070028014,0.15042458,0.26554105,0.14630301,0.21756068,0.020891365
