No Finding,Atelectasis,Consolidation,Infiltration,Pneumothorax,Edema,Emphysema,Fibrosis,Effusion,Pneumonia,Pleural_Thickening,Cardiomegaly,Nodule,Mass,Hernia
0.65215456,0.2430103,0.12735294,0.28988433,0.18968989,0.14263323,0.08053691,0.038678486,0.34608305,0.057208236,0.103390776,0.23763736,0.09108756,0.16530055,0.01083815
