No Finding,Atelectasis,Consolidation,Infiltration,Pneumothorax,Edema,Emphysema,Fibrosis,Effusion,Pneumonia,Pleural_Thickening,Cardiomegaly,Nodule,Mass,Hernia
0.84558886,0.49549934,0.46659482,0.53955936,0.43692023,0.38972163,0.40881765,0.2742857,0.6356123,0.090252705,0.27596438,0.30086955,0.37149718,0.31814197,0.28846154
