No Finding,Atelectasis,Consolidation,Infiltration,Pneumothorax,Edema,Emphysema,Fibrosis,Effusion,Pneumonia,Pleural_Thickening,Cardiomegaly,Nodule,Mass,Hernia
0.26568854,0.30903137,0.14711992,0.49281818,0.15928705,0.07570854,0.082478255,0.05317988,0.36100903,0.045422852,0.10287151,0.08397617,0.18382081,0.16651094,0.008525322
