No Finding,Atelectasis,Consolidation,Infiltration,Pneumothorax,Edema,Emphysema,Fibrosis,Effusion,Pneumonia,Pleural_Thickening,Cardiomegaly,Nodule,Mass,Hernia
0.1531954,0.18275405,0.07940067,0.32697994,0.08653552,0.039343596,0.043012943,0.027316278,0.22026297,0.023239221,0.05422485,0.043828357,0.101212926,0.09081643,0.004280909
