No Finding,Atelectasis,Consolidation,Infiltration,Pneumothorax,Edema,Emphysema,Fibrosis,Effusion,Pneumonia,Pleural_Thickening,Cardiomegaly,Nodule,Mass,Hernia
0.41270477,0.43423393,0.24306917,0.50366473,0.3249735,0.28125,0.17916666,0.098269895,0.54096556,0.0854527,0.20433436,0.36474165,0.21892583,0.2629986,0.015472586
