No Finding,Atelectasis,Consolidation,Infiltration,Pneumothorax,Edema,Emphysema,Fibrosis,Effusion,Pneumonia,Pleural_Thickening,Cardiomegaly,Nodule,Mass,Hernia
0.4060207,0.42635086,0.23187046,0.51342535,0.34646174,0.24636766,0.19250347,0.093517534,0.56273377,0.07127112,0.19079903,0.39320824,0.23935518,0.28089523,0.057259712
