No Finding,Atelectasis,Consolidation,Infiltration,Pneumothorax,Edema,Emphysema,Fibrosis,Effusion,Pneumonia,Pleural_Thickening,Cardiomegaly,Nodule,Mass,Hernia
0.31894767,0.32035595,0.14763898,0.38328964,0.2642892,0.1697128,0.12698413,0.056921087,0.5098583,0.039624184,0.14244397,0.38800704,0.15561631,0.22319588,0.032183908
