No Finding,Atelectasis,Consolidation,Infiltration,Pneumothorax,Edema,Emphysema,Fibrosis,Effusion,Pneumonia,Pleural_Thickening,Cardiomegaly,Nodule,Mass,Hernia
0.33236808,0.3510332,0.1672447,0.36534905,0.26300743,0.22709164,0.13900863,0.064781025,0.46436286,0.061313868,0.14057508,0.38543898,0.13007142,0.19081837,0.007863248
