No Finding,Atelectasis,Consolidation,Infiltration,Pneumothorax,Edema,Emphysema,Fibrosis,Effusion,Pneumonia,Pleural_Thickening,Cardiomegaly,Nodule,Mass,Hernia
0.5442571,0.56912637,0.44467214,0.81051284,0.42513862,0.36933047,0.25195312,0.2034384,0.6478343,0.1409396,0.37393767,0.34615386,0.69087976,0.42300886,0.47916666
