No Finding,Atelectasis,Consolidation,Infiltration,Pneumothorax,Edema,Emphysema,Fibrosis,Effusion,Pneumonia,Pleural_Thickening,Cardiomegaly,Nodule,Mass,Hernia
0.71361893,0.26447082,0.1640336,0.33077565,0.13598609,0.14893617,0.05826844,0.049046323,0.34395894,0.041764624,0.09247028,0.08413649,0.113674596,0.113399304,0.011176653
