No Finding,Atelectasis,Consolidation,Infiltration,Pneumothorax,Edema,Emphysema,Fibrosis,Effusion,Pneumonia,Pleural_Thickening,Cardiomegaly,Nodule,Mass,Hernia
0.5849604,0.18430379,0.11919883,0.23743047,0.0858746,0.099079974,0.030529954,0.027429732,0.29344654,0.021714121,0.054291625,0.045473743,0.06687403,0.066908635,0.005680025
