No Finding,Atelectasis,Consolidation,Infiltration,Pneumothorax,Edema,Emphysema,Fibrosis,Effusion,Pneumonia,Pleural_Thickening,Cardiomegaly,Nodule,Mass,Hernia
0.9148304,0.46806687,0.26293105,0.5450676,0.3265306,0.29978585,0.63727456,0.23142858,0.4154771,0.5451264,0.3115727,0.56173915,0.37870297,0.37160385,0.34615386
