No Finding,Atelectasis,Consolidation,Infiltration,Pneumothorax,Edema,Emphysema,Fibrosis,Effusion,Pneumonia,Pleural_Thickening,Cardiomegaly,Nodule,Mass,Hernia
0.47487822,0.1126811,0.081399046,0.28898054,0.08536918,0.03954626,0.045220505,0.023450587,0.15851517,0.021885522,0.052991454,0.045730967,0.07248931,0.06624056,0.005167959
