No Finding,Atelectasis,Consolidation,Infiltration,Pneumothorax,Edema,Emphysema,Fibrosis,Effusion,Pneumonia,Pleural_Thickening,Cardiomegaly,Nodule,Mass,Hernia
0.47261345,0.11955531,0.07807181,0.29173216,0.08415098,0.036870223,0.04354588,0.0330873,0.15940072,0.019578634,0.050873034,0.047218326,0.0725,0.07043073,0.0
