No Finding,Atelectasis,Consolidation,Infiltration,Pneumothorax,Edema,Emphysema,Fibrosis,Effusion,Pneumonia,Pleural_Thickening,Cardiomegaly,Nodule,Mass,Hernia
0.7314891764802891,0.7343815920459464,0.7735717721741334,0.6338987048125089,0.7995422665032891,0.8697660865079974,0.7655913423197592,0.6990930506478209,0.826181788679729,0.6954448117346531,0.7238949486680994,0.8526734284923998,0.5930468861511878,0.7243922033455662,0.6814716885117386
