No Finding,Atelectasis,Consolidation,Infiltration,Pneumothorax,Edema,Emphysema,Fibrosis,Effusion,Pneumonia,Pleural_Thickening,Cardiomegaly,Nodule,Mass,Hernia
0.73425627,0.31582117,0.1927129,0.36183065,0.2882883,0.21122113,0.17733231,0.071694285,0.44005084,0.06428572,0.16666667,0.29508197,0.1305842,0.21385176,0.018930959
