No Finding,Atelectasis,Consolidation,Infiltration,Pneumothorax,Edema,Emphysema,Fibrosis,Effusion,Pneumonia,Pleural_Thickening,Cardiomegaly,Nodule,Mass,Hernia
0.6334411,0.24338748,0.12100331,0.30608,0.24949153,0.14211695,0.14411028,0.040659763,0.35256845,0.042704627,0.12374101,0.33116883,0.07820168,0.14794889,0.009747706
