No Finding,Atelectasis,Consolidation,Infiltration,Pneumothorax,Edema,Emphysema,Fibrosis,Effusion,Pneumonia,Pleural_Thickening,Cardiomegaly,Nodule,Mass,Hernia
0.87323594,0.44963565,0.47306034,0.44241363,0.3413729,0.4111349,0.23046093,0.30285713,0.5852742,0.1299639,0.25519288,0.26608697,0.39551643,0.38562664,0.32692307
