No Finding,Atelectasis,Consolidation,Infiltration,Pneumothorax,Edema,Emphysema,Fibrosis,Effusion,Pneumonia,Pleural_Thickening,Cardiomegaly,Nodule,Mass,Hernia
0.69510317,0.20971124,0.10758215,0.3120441,0.0934403,0.06754772,0.045827527,0.032596145,0.28132892,0.028152492,0.0598372,0.049491655,0.108443394,0.09942363,0.0039166813
