No Finding,Atelectasis,Consolidation,Infiltration,Pneumothorax,Edema,Emphysema,Fibrosis,Effusion,Pneumonia,Pleural_Thickening,Cardiomegaly,Nodule,Mass,Hernia
0.5326882,0.12910914,0.058770433,0.18866667,0.05615428,0.051167965,0.024903247,0.016571093,0.19077733,0.016736401,0.03084133,0.027517065,0.05733024,0.05231236,0.0019621833
