No Finding,Atelectasis,Consolidation,Infiltration,Pneumothorax,Edema,Emphysema,Fibrosis,Effusion,Pneumonia,Pleural_Thickening,Cardiomegaly,Nodule,Mass,Hernia
0.5358049399999999,0.10060162166666668,0.04373643666666666,0.17351181666666668,0.04600232066666667,0.020280612,0.021914068,0.01591357733333333,0.11991690666666666,0.014646567,0.027754755000000002,0.025289916333333332,0.060422519,0.047649840666666665,0.0019900498
