No Finding,Atelectasis,Consolidation,Infiltration,Pneumothorax,Edema,Emphysema,Fibrosis,Effusion,Pneumonia,Pleural_Thickening,Cardiomegaly,Nodule,Mass,Hernia
0.53744102,0.10468678533333332,0.04091241,0.17804824666666666,0.04706575366666666,0.019900514999999997,0.022937506333333333,0.015800087333333334,0.11921740333333335,0.010911469333333333,0.030225528666666668,0.02733740733333333,0.05172494866666666,0.05157356900000001,0.0008613264666666666
