No Finding,Atelectasis,Consolidation,Infiltration,Pneumothorax,Edema,Emphysema,Fibrosis,Effusion,Pneumonia,Pleural_Thickening,Cardiomegaly,Nodule,Mass,Hernia
0.5403911866666666,0.10068155000000001,0.04251463666666666,0.17674450666666666,0.046336409,0.021364724,0.02377413366666667,0.012510316,0.11731111666666667,0.011893710666666668,0.030798850666666665,0.023904193666666667,0.053987480666666664,0.04861704766666667,0.0019102197333333334
