No Finding,Atelectasis,Consolidation,Infiltration,Pneumothorax,Edema,Emphysema,Fibrosis,Effusion,Pneumonia,Pleural_Thickening,Cardiomegaly,Nodule,Mass,Hernia
0.5417295333333333,0.09944119666666666,0.04013843833333333,0.17440112,0.04640212566666666,0.021085871333333336,0.021459295666666666,0.012376977333333332,0.11116714500000001,0.014211631333333334,0.03027313766666667,0.027502264666666665,0.05611704666666667,0.053709414000000004,0.0017636683999999998
