No Finding,Atelectasis,Consolidation,Infiltration,Pneumothorax,Edema,Emphysema,Fibrosis,Effusion,Pneumonia,Pleural_Thickening,Cardiomegaly,Nodule,Mass,Hernia
0.5311211333333333,0.10122726666666666,0.04168628666666666,0.18267833666666666,0.047073322333333334,0.021498764333333337,0.025365004666666666,0.017173634666666666,0.11650306,0.014457079999999999,0.030529734333333336,0.024087116333333335,0.05523716766666666,0.053875058,0.0
