No Finding,Atelectasis,Consolidation,Infiltration,Pneumothorax,Edema,Emphysema,Fibrosis,Effusion,Pneumonia,Pleural_Thickening,Cardiomegaly,Nodule,Mass,Hernia
0.7368384,0.30610034,0.19499716,0.37790528,0.2586834,0.17588933,0.13661203,0.05570434,0.4417694,0.05806117,0.14214547,0.14330497,0.14616498,0.16373402,0.021276595
