No Finding,Atelectasis,Consolidation,Infiltration,Pneumothorax,Edema,Emphysema,Fibrosis,Effusion,Pneumonia,Pleural_Thickening,Cardiomegaly,Nodule,Mass,Hernia
0.6452133,0.21278019,0.13243243,0.30895215,0.20102827,0.11432242,0.09391435,0.03427818,0.3597921,0.033898305,0.09157039,0.09650181,0.094414584,0.1038046,0.012345679
