No Finding,Atelectasis,Consolidation,Infiltration,Pneumothorax,Edema,Emphysema,Fibrosis,Effusion,Pneumonia,Pleural_Thickening,Cardiomegaly,Nodule,Mass,Hernia
0.85879344,0.54522073,0.36961207,0.48647973,0.36270872,0.38115633,0.250501,0.14857143,0.5721262,0.20216607,0.31750742,0.27826086,0.32345876,0.3873795,0.07692308
