No Finding,Atelectasis,Consolidation,Infiltration,Pneumothorax,Edema,Emphysema,Fibrosis,Effusion,Pneumonia,Pleural_Thickening,Cardiomegaly,Nodule,Mass,Hernia
0.7376291,0.3173164,0.19721273,0.37482646,0.26213592,0.15235792,0.113372095,0.07178912,0.46229985,0.05474171,0.13915662,0.23934181,0.17678571,0.1821632,0.033195022
