No Finding,Atelectasis,Consolidation,Infiltration,Pneumothorax,Edema,Emphysema,Fibrosis,Effusion,Pneumonia,Pleural_Thickening,Cardiomegaly,Nodule,Mass,Hernia
0.6526269,0.22706209,0.13227513,0.29267237,0.18057021,0.09296606,0.06924101,0.044444446,0.38459677,0.030749243,0.08716981,0.2147651,0.14306359,0.12479688,0.020618556
