No Finding,Atelectasis,Consolidation,Infiltration,Pneumothorax,Edema,Emphysema,Fibrosis,Effusion,Pneumonia,Pleural_Thickening,Cardiomegaly,Nodule,Mass,Hernia
0.8480897,0.5266552,0.3873967,0.5211014,0.47809878,0.421875,0.31262526,0.18658893,0.5793506,0.24912281,0.34477612,0.27027026,0.23130842,0.33713785,0.08510638
