No Finding,Atelectasis,Consolidation,Infiltration,Pneumothorax,Edema,Emphysema,Fibrosis,Effusion,Pneumonia,Pleural_Thickening,Cardiomegaly,Nodule,Mass,Hernia
0.7251151,0.27826953,0.14155433,0.34517425,0.2283105,0.093780845,0.14825374,0.055904165,0.40562248,0.059777968,0.11972869,0.16161616,0.16855162,0.20332618,0.00792752
