No Finding,Atelectasis,Consolidation,Infiltration,Pneumothorax,Edema,Emphysema,Fibrosis,Effusion,Pneumonia,Pleural_Thickening,Cardiomegaly,Nodule,Mass,Hernia
0.59854406,0.19254659,0.0860241,0.23475249,0.18963337,0.060126584,0.11353712,0.034170154,0.34112757,0.03990878,0.07441349,0.16541353,0.15865384,0.14650173,0.0040697674
