No Finding,Atelectasis,Consolidation,Infiltration,Pneumothorax,Edema,Emphysema,Fibrosis,Effusion,Pneumonia,Pleural_Thickening,Cardiomegaly,Nodule,Mass,Hernia
0.91957235,0.501573,0.39932886,0.65173376,0.28680688,0.21300448,0.21355236,0.15360501,0.5001905,0.11904762,0.30618402,0.15798923,0.17976654,0.33216476,0.1521739
