No Finding,Atelectasis,Consolidation,Infiltration,Pneumothorax,Edema,Emphysema,Fibrosis,Effusion,Pneumonia,Pleural_Thickening,Cardiomegaly,Nodule,Mass,Hernia
0.73258394,0.29163167,0.19408329,0.3669742,0.24914406,0.1614654,0.106681034,0.05034325,0.43617687,0.059160307,0.1345066,0.19714285,0.13566063,0.1814319,0.014010508
0.73540485,0.3021736,0.17764416,0.3678562,0.22778346,0.17322835,0.12366035,0.06723716,0.42818427,0.05914787,0.1568,0.16454622,0.13654147,0.19522265,0.025
0.7368384,0.30610034,0.19499716,0.37790528,0.2586834,0.17588933,0.13661203,0.05570434,0.4417694,0.05806117,0.14214547,0.14330497,0.14616498,0.16373402,0.021276595
0.7272275,0.30695257,0.1938883,0.37692052,0.23698384,0.18577406,0.114747785,0.062011465,0.43074277,0.05404001,0.1433426,0.14545454,0.14753805,0.18901771,0.008873114
0.7324353,0.31180036,0.17115177,0.37237823,0.21649134,0.17953488,0.10417827,0.06065934,0.41473398,0.05733722,0.15106261,0.11101083,0.121698916,0.1881997,0.012738854
