No Finding,Atelectasis,Consolidation,Infiltration,Pneumothorax,Edema,Emphysema,Fibrosis,Effusion,Pneumonia,Pleural_Thickening,Cardiomegaly,Nodule,Mass,Hernia
0.6452133,0.21278019,0.13243243,0.30895215,0.20102827,0.11432242,0.09391435,0.03427818,0.3597921,0.033898305,0.09157039,0.09650181,0.094414584,0.1038046,0.012345679
0.66022396,0.21618257,0.118690945,0.28934085,0.1736417,0.1159844,0.06162465,0.026390065,0.33212516,0.034235228,0.085191086,0.17079207,0.079042226,0.11967489,0.007633588
0.63167316,0.22008945,0.14345114,0.28584093,0.17414248,0.11520498,0.07160019,0.03432362,0.35175645,0.029066518,0.09112333,0.15483871,0.09581395,0.12713361,0.0046168054
0.6531537,0.21460675,0.103246756,0.2882102,0.1670157,0.1154997,0.06081301,0.034989856,0.3203372,0.0336374,0.0940966,0.07282416,0.071541,0.146906,0.006637168
0.6427385,0.21482745,0.11754069,0.2806924,0.1554007,0.12244898,0.07735946,0.04176158,0.3322818,0.034685478,0.1066957,0.15594855,0.091194145,0.14711112,0.01754386
