No Finding,Atelectasis,Consolidation,Infiltration,Pneumothorax,Edema,Emphysema,Fibrosis,Effusion,Pneumonia,Pleural_Thickening,Cardiomegaly,Nodule,Mass,Hernia
0.8227575,0.44797936,0.5320248,0.501544,0.44082013,0.265625,0.39679357,0.5451895,0.6351696,0.21754386,0.319403,0.2331081,0.47819313,0.37489027,0.08510638
0.85879344,0.54522073,0.36961207,0.48647973,0.36270872,0.38115633,0.250501,0.14857143,0.5721262,0.20216607,0.31750742,0.27826086,0.32345876,0.3873795,0.07692308
0.8568439,0.5070846,0.2990249,0.5531863,0.37078652,0.47948164,0.28875968,0.3207547,0.5554734,0.38376385,0.3357453,0.13714285,0.32062256,0.36828643,0.11363637
0.83362263,0.56990623,0.5,0.5259854,0.30761814,0.40292275,0.3631068,0.22772278,0.58800775,0.19407895,0.38282388,0.23339659,0.40716612,0.26178452,0.15789473
0.85929275,0.5092135,0.3635347,0.53353584,0.42638624,0.29596412,0.30800822,0.1724138,0.60190475,0.20068027,0.29562595,0.17414722,0.27159533,0.2900964,0.04347826
