model, fold_1, fold_2, fold_3, fold_4, fold_5, average
DenseNet121_None, 0.24538062512874603, 0.2464958280324936, 0.24230287969112396, 0.24926969408988953, 0.27010810375213623,0.2507114112377167
DenseNet121_imagenet, 0.23900732398033142, 0.24249492585659027, 0.24817658960819244, 0.24731428921222687, 0.2540903389453888, 0.24621668457984924