No Finding,Atelectasis,Consolidation,Infiltration,Pneumothorax,Edema,Emphysema,Fibrosis,Effusion,Pneumonia,Pleural_Thickening,Cardiomegaly,Nodule,Mass,Hernia
0.42370224,0.14059152,0.92672414,0.81321985,0.44155845,0.37687367,0.39278558,0.37142858,0.24380165,0.16606498,0.17507419,0.17565218,0.116092876,0.106047325,0.0
