No Finding,Atelectasis,Consolidation,Infiltration,Pneumothorax,Edema,Emphysema,Fibrosis,Effusion,Pneumonia,Pleural_Thickening,Cardiomegaly,Nodule,Mass,Hernia
0.42301017,0.1342711,0.9392034,0.8091891,0.45323047,0.3966597,0.392233,0.30033004,0.24448743,0.17105263,0.1804949,0.17836812,0.117263846,0.0959596,0.02631579
