No Finding,Atelectasis,Consolidation,Infiltration,Pneumothorax,Edema,Emphysema,Fibrosis,Effusion,Pneumonia,Pleural_Thickening,Cardiomegaly,Nodule,Mass,Hernia
0.53868616,0.10789981,0.04245773,0.17843522,0.044764187,0.022473142,0.023335703,0.013127622,0.11738149,0.012299838,0.03028786,0.019257221,0.05704441,0.044697635,0.0
