No Finding,Atelectasis,Consolidation,Infiltration,Pneumothorax,Edema,Emphysema,Fibrosis,Effusion,Pneumonia,Pleural_Thickening,Cardiomegaly,Nodule,Mass,Hernia
0.534465,0.10380952,0.04175326,0.18509431,0.046028793,0.019720173,0.026071638,0.01748065,0.11539174,0.011839708,0.030469531,0.023010813,0.050413843,0.05212014,0.0
