No Finding,Atelectasis,Consolidation,Infiltration,Pneumothorax,Edema,Emphysema,Fibrosis,Effusion,Pneumonia,Pleural_Thickening,Cardiomegaly,Nodule,Mass,Hernia
0.54374146,0.106070496,0.04123223,0.17864756,0.048183095,0.020935025,0.022711143,0.012770534,0.12083411,0.011929342,0.031155778,0.027461858,0.04975863,0.049274087,0.0025839794
