No Finding,Atelectasis,Consolidation,Infiltration,Pneumothorax,Edema,Emphysema,Fibrosis,Effusion,Pneumonia,Pleural_Thickening,Cardiomegaly,Nodule,Mass,Hernia
0.5425013,0.098119125,0.043056082,0.17313465,0.045808382,0.019622806,0.02086508,0.015246392,0.12134748,0.015227273,0.030594185,0.026017161,0.054434717,0.057862192,0.0
