No Finding,Atelectasis,Consolidation,Infiltration,Pneumothorax,Edema,Emphysema,Fibrosis,Effusion,Pneumonia,Pleural_Thickening,Cardiomegaly,Nodule,Mass,Hernia
0.546061,0.10781841,0.040130615,0.17586656,0.045843277,0.020481534,0.019478967,0.012757202,0.116173975,0.01751152,0.030169243,0.030659026,0.06185567,0.05139373,0.0
