No Finding,Atelectasis,Consolidation,Infiltration,Pneumothorax,Edema,Emphysema,Fibrosis,Effusion,Pneumonia,Pleural_Thickening,Cardiomegaly,Nodule,Mass,Hernia
0.74021715,0.31194928,0.17866005,0.37646002,0.23657474,0.14329943,0.124723576,0.05842167,0.4573346,0.057766367,0.1421155,0.2112537,0.17353705,0.21658859,0.0127551025
