No Finding,Atelectasis,Consolidation,Infiltration,Pneumothorax,Edema,Emphysema,Fibrosis,Effusion,Pneumonia,Pleural_Thickening,Cardiomegaly,Nodule,Mass,Hernia
0.6645296,0.2377474,0.118551046,0.2918234,0.19064328,0.0892562,0.0794814,0.03158431,0.39388934,0.035601266,0.09053328,0.23464912,0.13782051,0.1579582,0.0067750677
