No Finding,Atelectasis,Consolidation,Infiltration,Pneumothorax,Edema,Emphysema,Fibrosis,Effusion,Pneumonia,Pleural_Thickening,Cardiomegaly,Nodule,Mass,Hernia
0.83536184,0.45348313,0.36241612,0.5302455,0.31166348,0.3632287,0.2895277,0.38871473,0.5451428,0.15306123,0.33031675,0.19210054,0.23424125,0.3444347,0.10869565
