No Finding,Atelectasis,Consolidation,Infiltration,Pneumothorax,Edema,Emphysema,Fibrosis,Effusion,Pneumonia,Pleural_Thickening,Cardiomegaly,Nodule,Mass,Hernia
0.47304973,0.113591,0.07701761,0.28567576,0.08440367,0.040790845,0.042468037,0.023364486,0.14666171,0.023569023,0.052246604,0.04494382,0.07170099,0.07291973,0.004716981
