No Finding,Atelectasis,Consolidation,Infiltration,Pneumothorax,Edema,Emphysema,Fibrosis,Effusion,Pneumonia,Pleural_Thickening,Cardiomegaly,Nodule,Mass,Hernia
0.46695995,0.11463102,0.07980323,0.29675978,0.08612696,0.042610966,0.04717813,0.032415744,0.15599161,0.029717682,0.051908396,0.04318235,0.07768469,0.07233796,0.0
