No Finding,Atelectasis,Consolidation,Infiltration,Pneumothorax,Edema,Emphysema,Fibrosis,Effusion,Pneumonia,Pleural_Thickening,Cardiomegaly,Nodule,Mass,Hernia
0.47403106,0.116257615,0.084294304,0.2862706,0.08315818,0.039289445,0.042367183,0.031074885,0.15824337,0.02698714,0.045273528,0.043025676,0.086241275,0.056346383,0.005235602
