No Finding,Atelectasis,Consolidation,Infiltration,Pneumothorax,Edema,Emphysema,Fibrosis,Effusion,Pneumonia,Pleural_Thickening,Cardiomegaly,Nodule,Mass,Hernia
0.4763705,0.12307692,0.08125452,0.29323545,0.08112268,0.042703886,0.04398794,0.025221009,0.1579547,0.022978539,0.05168731,0.033637673,0.07760417,0.058789626,0.0
