No Finding,Atelectasis,Consolidation,Infiltration,Pneumothorax,Edema,Emphysema,Fibrosis,Effusion,Pneumonia,Pleural_Thickening,Cardiomegaly,Nodule,Mass,Hernia
0.4823068,0.11348803,0.082336955,0.28567567,0.08275489,0.03741815,0.03942414,0.029132526,0.16070989,0.02860192,0.052324325,0.04470868,0.073127076,0.07699089,0.0
