No Finding,Atelectasis,Consolidation,Infiltration,Pneumothorax,Edema,Emphysema,Fibrosis,Effusion,Pneumonia,Pleural_Thickening,Cardiomegaly,Nodule,Mass,Hernia
0.47788674,0.12043728,0.07899038,0.29326513,0.08695652,0.03985133,0.042890653,0.024393376,0.16158347,0.022433132,0.053287495,0.047368422,0.067985795,0.06561218,0.004555809
