No Finding,Atelectasis,Consolidation,Infiltration,Pneumothorax,Edema,Emphysema,Fibrosis,Effusion,Pneumonia,Pleural_Thickening,Cardiomegaly,Nodule,Mass,Hernia
0.47957537,0.11936485,0.0800181,0.30282757,0.08334072,0.037526205,0.04916399,0.033312142,0.15377021,0.022303239,0.05197018,0.04017425,0.067968555,0.068664536,0.0
