No Finding,Atelectasis,Consolidation,Infiltration,Pneumothorax,Edema,Emphysema,Fibrosis,Effusion,Pneumonia,Pleural_Thickening,Cardiomegaly,Nodule,Mass,Hernia
0.4774116,0.12673707,0.077003404,0.28957373,0.0830481,0.039064936,0.03681536,0.024444737,0.15549394,0.032801036,0.051898733,0.052878674,0.083979,0.068664536,0.0
