No Finding,Atelectasis,Consolidation,Infiltration,Pneumothorax,Edema,Emphysema,Fibrosis,Effusion,Pneumonia,Pleural_Thickening,Cardiomegaly,Nodule,Mass,Hernia
0.73613906,0.30961096,0.18299975,0.32778108,0.26800805,0.20405494,0.1355674,0.088921286,0.46085674,0.060544904,0.1595179,0.28722468,0.12403296,0.19994925,0.03
