No Finding,Atelectasis,Consolidation,Infiltration,Pneumothorax,Edema,Emphysema,Fibrosis,Effusion,Pneumonia,Pleural_Thickening,Cardiomegaly,Nodule,Mass,Hernia
0.6533656,0.2216615,0.11920081,0.23207329,0.2314107,0.14404432,0.10774818,0.057929724,0.37635705,0.035545025,0.10426321,0.28200692,0.06746955,0.14071429,0.019480519
