No Finding,Atelectasis,Consolidation,Infiltration,Pneumothorax,Edema,Emphysema,Fibrosis,Effusion,Pneumonia,Pleural_Thickening,Cardiomegaly,Nodule,Mass,Hernia
0.84292763,0.5132584,0.393736,0.55783343,0.31835565,0.3497758,0.18275154,0.19122256,0.5942857,0.20408164,0.33936653,0.29263914,0.76731515,0.34531114,0.06521739
