No Finding,Atelectasis,Consolidation,Infiltration,Pneumothorax,Edema,Emphysema,Fibrosis,Effusion,Pneumonia,Pleural_Thickening,Cardiomegaly,Nodule,Mass,Hernia
0.42626062,0.13930562,0.9375,0.81822735,0.44526902,0.41327623,0.38476953,0.27142859,0.24380165,0.18772563,0.18397626,0.17217392,0.10728583,0.09815951,0.01923077
