No Finding,Atelectasis,Consolidation,Infiltration,Pneumothorax,Edema,Emphysema,Fibrosis,Effusion,Pneumonia,Pleural_Thickening,Cardiomegaly,Nodule,Mass,Hernia
0.42697743,0.14322251,0.942348,0.8222445,0.43201542,0.42797494,0.38252428,0.32013202,0.24139266,0.17434211,0.17612809,0.13282733,0.12133551,0.08585858,0.0
