No Finding,Atelectasis,Consolidation,Infiltration,Pneumothorax,Edema,Emphysema,Fibrosis,Effusion,Pneumonia,Pleural_Thickening,Cardiomegaly,Nodule,Mass,Hernia
0.43491,0.14040361,0.9577465,0.83210784,0.44007492,0.38660908,0.43023255,0.35309973,0.23039941,0.19188192,0.17655572,0.15809524,0.10428016,0.10059676,0.0
