No Finding,Atelectasis,Consolidation,Infiltration,Pneumothorax,Edema,Emphysema,Fibrosis,Effusion,Pneumonia,Pleural_Thickening,Cardiomegaly,Nodule,Mass,Hernia
0.73404866,0.3261397,0.20009597,0.34662247,0.26125512,0.20911855,0.1308615,0.06384976,0.4747183,0.06418219,0.17306946,0.34053588,0.118560486,0.22304833,0.028169014
