No Finding,Atelectasis,Consolidation,Infiltration,Pneumothorax,Edema,Emphysema,Fibrosis,Effusion,Pneumonia,Pleural_Thickening,Cardiomegaly,Nodule,Mass,Hernia
0.6503541,0.23281677,0.12974487,0.25872308,0.20211081,0.14751287,0.09097801,0.044619422,0.3788333,0.035851967,0.11798942,0.31269842,0.068047695,0.16291699,0.01923077
