No Finding,Atelectasis,Consolidation,Infiltration,Pneumothorax,Edema,Emphysema,Fibrosis,Effusion,Pneumonia,Pleural_Thickening,Cardiomegaly,Nodule,Mass,Hernia
0.8424663,0.5443308,0.4371069,0.52498114,0.3693346,0.35908142,0.23300971,0.11221122,0.63558996,0.30592105,0.3245997,0.37381405,0.46009773,0.35353535,0.05263158
