No Finding,Atelectasis,Consolidation,Infiltration,Pneumothorax,Edema,Emphysema,Fibrosis,Effusion,Pneumonia,Pleural_Thickening,Cardiomegaly,Nodule,Mass,Hernia
0.5342908,0.10399493,0.0407525,0.17774859,0.046507083,0.01938326,0.023050688,0.017314864,0.11840905,0.010402533,0.029760404,0.027275182,0.052708108,0.05272331,0.0
