No Finding,Atelectasis,Consolidation,Infiltration,Pneumothorax,Edema,Emphysema,Fibrosis,Effusion,Pneumonia,Pleural_Thickening,Cardiomegaly,Nodule,Mass,Hernia
0.5412437,0.09707242,0.04254309,0.17589915,0.04712252,0.020810515,0.023993349,0.012201663,0.11727593,0.011690647,0.031054346,0.02622768,0.052459016,0.050576754,0.0028653296
