No Finding,Atelectasis,Consolidation,Infiltration,Pneumothorax,Edema,Emphysema,Fibrosis,Effusion,Pneumonia,Pleural_Thickening,Cardiomegaly,Nodule,Mass,Hernia
0.4176643,0.13439244,0.9490791,0.8137255,0.4522472,0.44060475,0.41472867,0.33962265,0.23372781,0.25830257,0.17221418,0.1752381,0.11906615,0.106564365,0.0
