No Finding,Atelectasis,Consolidation,Infiltration,Pneumothorax,Edema,Emphysema,Fibrosis,Effusion,Pneumonia,Pleural_Thickening,Cardiomegaly,Nodule,Mass,Hernia
0.42113486,0.14067416,0.94630873,0.80460644,0.43977055,0.4394619,0.39219713,0.28213167,0.22552381,0.1904762,0.18853696,0.16876122,0.10972763,0.1086766,0.02173913
