No Finding,Atelectasis,Consolidation,Infiltration,Pneumothorax,Edema,Emphysema,Fibrosis,Effusion,Pneumonia,Pleural_Thickening,Cardiomegaly,Nodule,Mass,Hernia
0.42715946,0.13542563,0.9628099,0.8134328,0.42404473,0.41964287,0.3787575,0.35568514,0.23531558,0.22456141,0.16119403,0.1570946,0.1347352,0.0834065,0.021276595
