No Finding,Atelectasis,Consolidation,Infiltration,Pneumothorax,Edema,Emphysema,Fibrosis,Effusion,Pneumonia,Pleural_Thickening,Cardiomegaly,Nodule,Mass,Hernia
0.74118686,0.322067,0.19557784,0.38652623,0.25522757,0.19540791,0.14254859,0.058002938,0.4680851,0.06173913,0.15612161,0.26236558,0.18763895,0.21830158,0.01213419
