No Finding,Atelectasis,Consolidation,Infiltration,Pneumothorax,Edema,Emphysema,Fibrosis,Effusion,Pneumonia,Pleural_Thickening,Cardiomegaly,Nodule,Mass,Hernia
0.6676811,0.24791859,0.12402429,0.32042834,0.19089237,0.12658228,0.09756097,0.03327717,0.3949884,0.035096392,0.10795455,0.22317073,0.12988612,0.14919615,0.006181818
