No Finding,Atelectasis,Consolidation,Infiltration,Pneumothorax,Edema,Emphysema,Fibrosis,Effusion,Pneumonia,Pleural_Thickening,Cardiomegaly,Nodule,Mass,Hernia
0.8328794,0.4594942,0.46228448,0.48698047,0.38497218,0.4282655,0.26452905,0.22571428,0.57438016,0.25631768,0.28189912,0.31826088,0.3378703,0.40666083,0.32692307
