No Finding,Atelectasis,Consolidation,Infiltration,Pneumothorax,Edema,Emphysema,Fibrosis,Effusion,Pneumonia,Pleural_Thickening,Cardiomegaly,Nodule,Mass,Hernia
0.26630145,0.32147133,0.14519331,0.49927342,0.16582538,0.0702203,0.080039136,0.05027822,0.34664646,0.046395857,0.10305491,0.08154087,0.19567816,0.16907717,0.0062995325
