No Finding,Atelectasis,Consolidation,Infiltration,Pneumothorax,Edema,Emphysema,Fibrosis,Effusion,Pneumonia,Pleural_Thickening,Cardiomegaly,Nodule,Mass,Hernia
0.70321536,0.1805347,0.07667896,0.29960188,0.089135066,0.03900306,0.04251233,0.028052587,0.2095892,0.02588256,0.05743492,0.048474826,0.108397655,0.096838534,0.004094348
