No Finding,Atelectasis,Consolidation,Infiltration,Pneumothorax,Edema,Emphysema,Fibrosis,Effusion,Pneumonia,Pleural_Thickening,Cardiomegaly,Nodule,Mass,Hernia
0.15360309,0.19151972,0.07827948,0.3326878,0.09040873,0.036387727,0.041687902,0.025787381,0.20966262,0.023748854,0.054326776,0.042503312,0.1084497,0.09234533,0.0031597186
