No Finding,Atelectasis,Consolidation,Infiltration,Pneumothorax,Edema,Emphysema,Fibrosis,Effusion,Pneumonia,Pleural_Thickening,Cardiomegaly,Nodule,Mass,Hernia
0.7120551,0.26048893,0.13972567,0.34005183,0.105532266,0.09735849,0.043752503,0.05192108,0.36517912,0.036753446,0.099947944,0.06629271,0.114257246,0.12065906,0.009029346
0.6987001,0.18890181,0.082783446,0.29540098,0.11013645,0.03920539,0.04445711,0.03343233,0.21791863,0.02510018,0.06301079,0.051504042,0.11572905,0.10172792,0.0041831695
0.7251151,0.27826953,0.14155433,0.34517425,0.2283105,0.093780845,0.14825374,0.055904165,0.40562248,0.059777968,0.11972869,0.16161616,0.16855162,0.20332618,0.00792752
0.69510317,0.20971124,0.10758215,0.3120441,0.0934403,0.06754772,0.045827527,0.032596145,0.28132892,0.028152492,0.0598372,0.049491655,0.108443394,0.09942363,0.0039166813
0.7044852,0.26548672,0.14060663,0.31853846,0.16051817,0.07007082,0.124406956,0.037143487,0.3320276,0.06265664,0.08463386,0.1382716,0.11009992,0.14190148,0.01
