No Finding,Atelectasis,Consolidation,Infiltration,Pneumothorax,Edema,Emphysema,Fibrosis,Effusion,Pneumonia,Pleural_Thickening,Cardiomegaly,Nodule,Mass,Hernia
0.5369247,0.104551725,0.043182835,0.17329647,0.07456285,0.019994644,0.023047943,0.01721727,0.122288674,0.012709597,0.032879744,0.026443508,0.06786965,0.05904789,0.0020959687
0.54742384,0.179265,0.09063353,0.20633624,0.11336516,0.042649727,0.085383505,0.019905213,0.3206052,0.050607286,0.05330813,0.102470264,0.059716947,0.093457945,0.005524862
0.59854406,0.19254659,0.0860241,0.23475249,0.18963337,0.060126584,0.11353712,0.034170154,0.34112757,0.03990878,0.07441349,0.16541353,0.15865384,0.14650173,0.0040697674
0.5326882,0.12910914,0.058770433,0.18866667,0.05615428,0.051167965,0.024903247,0.016571093,0.19077733,0.016736401,0.03084133,0.027517065,0.05733024,0.05231236,0.0019621833
0.58529973,0.16132993,0.07929579,0.23863406,0.05930353,0.053382993,0.02243672,0.040783033,0.25319582,0.02008032,0.07698476,0.03576833,0.06373911,0.08487874,0.0046232087
