No Finding,Atelectasis,Consolidation,Infiltration,Pneumothorax,Edema,Emphysema,Fibrosis,Effusion,Pneumonia,Pleural_Thickening,Cardiomegaly,Nodule,Mass,Hernia
0.90888834,0.6759537,0.5872845,0.5913871,0.4786642,0.5524625,0.8757515,0.071428575,0.65477085,0.2166065,0.14243324,0.45217392,0.5508407,0.20858896,0.1923077
0.91957235,0.501573,0.39932886,0.65173376,0.28680688,0.21300448,0.21355236,0.15360501,0.5001905,0.11904762,0.30618402,0.15798923,0.17976654,0.33216476,0.1521739
1.0,0.977644,0.99793386,1.0,0.21062441,1.0,0.6252505,0.57434404,0.99963516,1.0,0.75373137,0.9847973,0.39252338,0.3669886,1.0
0.98793286,0.51150894,0.3134172,0.69821745,0.27483124,0.19624217,0.22912621,0.27722773,0.344294,0.08223684,0.20524018,0.21252371,0.7043974,0.2946128,0.05263158
1.0,0.5581795,0.63488626,0.9017157,0.27808988,0.099352054,0.2868217,0.98921835,0.535503,0.08856089,1.0,0.24571429,1.0,1.0,1.0
