No Finding,Atelectasis,Consolidation,Infiltration,Pneumothorax,Edema,Emphysema,Fibrosis,Effusion,Pneumonia,Pleural_Thickening,Cardiomegaly,Nodule,Mass,Hernia
0.74962634,0.3522396,0.21266614,0.40082896,0.29644728,0.25239006,0.15334773,0.072186045,0.5212895,0.08695652,0.1559633,0.36212277,0.16225486,0.22255944,0.018701298
