No Finding,Atelectasis,Consolidation,Infiltration,Pneumothorax,Edema,Emphysema,Fibrosis,Effusion,Pneumonia,Pleural_Thickening,Cardiomegaly,Nodule,Mass,Hernia
0.75870097,0.37199947,0.21369722,0.4013695,0.3030484,0.23322885,0.15897721,0.06329838,0.5205694,0.07929515,0.1911205,0.41228938,0.1549903,0.25553575,0.016614746
