No Finding,Atelectasis,Consolidation,Infiltration,Pneumothorax,Edema,Emphysema,Fibrosis,Effusion,Pneumonia,Pleural_Thickening,Cardiomegaly,Nodule,Mass,Hernia
0.74065995,0.3402993,0.20799181,0.3863179,0.26366162,0.22208041,0.1475797,0.06850871,0.48205444,0.07698002,0.16941597,0.3109328,0.14511788,0.21879159,0.01871102
