No Finding,Atelectasis,Consolidation,Infiltration,Pneumothorax,Edema,Emphysema,Fibrosis,Effusion,Pneumonia,Pleural_Thickening,Cardiomegaly,Nodule,Mass,Hernia
0.75319797,0.33886865,0.21321854,0.39301157,0.29744792,0.20384616,0.13002755,0.066046685,0.51413804,0.061607815,0.16575053,0.37368923,0.15590821,0.2257568,0.019843342
