epoch,auc_4,loss,val_auc_4,val_loss
0,0.618341326713562,0.21217919886112213,0.6605299711227417,0.20605000853538513
1,0.6626508235931396,0.20410571992397308,0.6649560928344727,0.20538756251335144
2,0.6922957301139832,0.19985175132751465,0.7007995843887329,0.19992484152317047
3,0.7126739025115967,0.1968909204006195,0.7170881032943726,0.1965920329093933
