No Finding,Atelectasis,Consolidation,Infiltration,Pneumothorax,Edema,Emphysema,Fibrosis,Effusion,Pneumonia,Pleural_Thickening,Cardiomegaly,Nodule,Mass,Hernia
0.7355695,0.30961707,0.19575371,0.357528,0.27218935,0.20152883,0.10907541,0.067168504,0.47971255,0.07008086,0.15484515,0.3031641,0.1319209,0.21112311,0.012578616
