No Finding,Atelectasis,Consolidation,Infiltration,Pneumothorax,Edema,Emphysema,Fibrosis,Effusion,Pneumonia,Pleural_Thickening,Cardiomegaly,Nodule,Mass,Hernia
0.6474266,0.219259,0.123196155,0.2994095,0.19939315,0.14631686,0.06926407,0.041907515,0.4068055,0.04710145,0.116366364,0.2685789,0.08057281,0.15243664,0.0065306122
