No Finding,Atelectasis,Consolidation,Infiltration,Pneumothorax,Edema,Emphysema,Fibrosis,Effusion,Pneumonia,Pleural_Thickening,Cardiomegaly,Nodule,Mass,Hernia
0.851495,0.5266552,0.47623968,0.44364384,0.42870456,0.3236607,0.25651303,0.16909622,0.58445823,0.1368421,0.23134328,0.34797296,0.36370715,0.3432836,0.17021276
