No Finding,Atelectasis,Consolidation,Infiltration,Pneumothorax,Edema,Emphysema,Fibrosis,Effusion,Pneumonia,Pleural_Thickening,Cardiomegaly,Nodule,Mass,Hernia
0.72708964,0.29946092,0.19679032,0.342019,0.26544118,0.16312543,0.11380597,0.07058824,0.43161407,0.06253257,0.1433414,0.23782559,0.11965812,0.19285163,0.032608695
