No Finding,Atelectasis,Consolidation,Infiltration,Pneumothorax,Edema,Emphysema,Fibrosis,Effusion,Pneumonia,Pleural_Thickening,Cardiomegaly,Nodule,Mass,Hernia
0.62475383,0.21809973,0.13201553,0.25726897,0.2191864,0.11770524,0.07416414,0.04627949,0.33287156,0.036719706,0.10609319,0.17887564,0.070246816,0.13636364,0.02189781
