No Finding,Atelectasis,Consolidation,Infiltration,Pneumothorax,Edema,Emphysema,Fibrosis,Effusion,Pneumonia,Pleural_Thickening,Cardiomegaly,Nodule,Mass,Hernia
0.8695183,0.47764403,0.38636363,0.51003605,0.33643988,0.265625,0.24448898,0.14868805,0.61364466,0.21052632,0.22089553,0.35472974,0.4034268,0.32923618,0.06382979
