No Finding,Atelectasis,Consolidation,Infiltration,Pneumothorax,Edema,Emphysema,Fibrosis,Effusion,Pneumonia,Pleural_Thickening,Cardiomegaly,Nodule,Mass,Hernia
0.41914517,0.43534553,0.24777055,0.50677943,0.3165428,0.27742392,0.20065252,0.11127487,0.54093355,0.084848486,0.22868606,0.37381405,0.2178847,0.27170238,0.027777778
