No Finding,Atelectasis,Consolidation,Infiltration,Pneumothorax,Edema,Emphysema,Fibrosis,Effusion,Pneumonia,Pleural_Thickening,Cardiomegaly,Nodule,Mass,Hernia
0.40776354,0.4283227,0.22593068,0.5119189,0.32213295,0.21649484,0.1646508,0.09398058,0.5319022,0.066055045,0.18357489,0.36808702,0.23374918,0.27315754,0.048780486
