No Finding,Atelectasis,Consolidation,Infiltration,Pneumothorax,Edema,Emphysema,Fibrosis,Effusion,Pneumonia,Pleural_Thickening,Cardiomegaly,Nodule,Mass,Hernia
0.33469644,0.35200208,0.1619918,0.3540436,0.2254018,0.20631579,0.17226891,0.06384778,0.4405495,0.051775146,0.17701863,0.36891386,0.13407822,0.1993383,0.041666668
