No Finding,Atelectasis,Consolidation,Infiltration,Pneumothorax,Edema,Emphysema,Fibrosis,Effusion,Pneumonia,Pleural_Thickening,Cardiomegaly,Nodule,Mass,Hernia
0.31080347,0.31865284,0.14046289,0.37239313,0.26534295,0.1590909,0.103431374,0.05404198,0.43811396,0.037775446,0.1200361,0.36842105,0.14914118,0.18397085,0.071428575
