No Finding,Atelectasis,Consolidation,Infiltration,Pneumothorax,Edema,Emphysema,Fibrosis,Effusion,Pneumonia,Pleural_Thickening,Cardiomegaly,Nodule,Mass,Hernia
0.5926501,0.65309733,0.5770492,0.8186424,0.4098513,0.33870968,0.4034417,0.36011904,0.676783,0.26277372,0.3900293,0.36775362,0.54021245,0.53018373,0.037037037
