No Finding,Atelectasis,Consolidation,Infiltration,Pneumothorax,Edema,Emphysema,Fibrosis,Effusion,Pneumonia,Pleural_Thickening,Cardiomegaly,Nodule,Mass,Hernia
0.5605901,0.5703986,0.52663934,0.891282,0.5314233,0.42332613,0.24023438,0.43266475,0.700565,0.23489933,0.32294616,0.37884617,0.5811138,0.42654866,0.020833334
